question,language,published_version_of_question,contentful_id,human_wrong_percentage,topic_list,sdg_world_topics,other_topics,correct_answer,wrong_answer,very_wrong_answer
80,en-US,"Since 1990, roughly 2.5 million people were made temporarily homeless in Europe due to natural disasters. The number for Asia during the same period was...",80,75,european_commission_in_vienna_2024;sdg-world-11;politehnica_university_timisoara,sdg-world-11,"",40 times more,4 times more,Roughly the same
106,en-US,How many people in the world feel safe walking alone at night where they live?,106,80,sdg-world-16;tele_2,sdg-world-16,"",More than 60%,Around 45%,Less than 30%
14,en-US,What share of all plastic waste in the world ends up in the oceans?,14,86,politehnica_university_timisoara;egn;freiburg_uni;agenda_cfo;nos_nieuws;institute_of_internal_auditors;sdg-world-14;novo_nordisk;svt_constructive_journalism;sopra-steria;ikea_foundation_board_meeting_leiden_2023;bliwa-2024;sdg-world-un-goals;laerargalan-2024;klimatpaktskonferensen;ingka_malmo_2024;e_on_digital_empowerment;granitor;snap_forward;skolverket_2024;svt;postkod_lotteriet;deloitte;uni_ottawa;postcode_lottery_group;sustainable-development-misconception-study-2020;uk_government_seminar_series;postcode_lottery_berlin_2024;sas-institute;vinnova_meeting_2023;metafinanz;bvm_award;nordstjernan-2023;ikea_foundation_and_ingka_group_invite_you_to_test_your_knowledge;constructive_institute_2024;cc_dataliteracy;afry;global_communications_development_network;celosphere_conf;wapo;nobel-summit;postkodstiftelsen;unfccc_event,sdg-world-14,sdg-world-un-goals;sustainable-development-misconception-study-2020,Less than 1%,Around 36%,More than 66%
1632,en-US,"Globally, what share of deaths is caused by overweight and obesity?",1632,84,sdg-world-02,sdg-world-02,"",Less than 10%,Around 25%,Around 40%
1543,en-US,"In 2023, how many companies in Africa had revenues of more than 1 billion US Dollars?",1543,74,africa;institute_of_internal_auditors;agenda_cfo;bliwa-2024,,"",Around 340,Around 210,Around 80
1,en-US,What happened to the global suicide rate in the last 20 years?,1,94,sustainable-development-misconception-study-2020;sdg-world-03;health_medical_research;wapo;nordstjernan-2023,sdg-world-03,sustainable-development-misconception-study-2020,Decreased about 25%,Stayed about the same,Increased about 25%
1757,en-US,"In 2023, the number of children who died before age five was around 4% worldwide. What was this number back in 1900?",1757,71,sodertalje_larare_2024;postkodstiftelsen;sdg-world-03;sdg-world-un-goals,sdg-world-03,sdg-world-un-goals,Around 40%,Around 20%,Around 14%
1745,en-US,"During the 1990s, the total damage caused by natural disasters was about 0.25% of total world income (GDP). During the last 10 years, that number was…",1745,89,sdg-world-11,sdg-world-11,"",Roughly the same,Two times higher,Four times higher
50,en-US,How many people in the world have some access to electricity?,50,72,2017_gapminder_test;sdg-world-un-goals;e_on_digital_empowerment;postkod-teacher-test;atomico;postkodstiftelsen;sdg-world-07,sdg-world-07,2017_gapminder_test;sdg-world-un-goals,Around 90%,Around 60%,Around 30%
25,en-US,"For every 100kg of food produced in the world, how much is transported to a different country?",25,89,constructive_institute_2024;sdg-world-02;skolverket_2024;laerargalan-2024,sdg-world-02,"",17kg,37kg,57kg
42,en-US,"Up to 1990, 22 countries in the world had been led by a female head of state or government. What is that number today?",42,96,postcode_lottery_group;forum-on-tax-administration-gender-balance-network;laerargalan-2024;sdg-world-05;global_communications_development_network;skolverket_2024;svt;postkod_lotteriet;svt_constructive_journalism;unfccc_event,sdg-world-05,"",89,59,39
814,en-US,How many people in the USA consider climate change a threat to their country?,814,75,uk_government_seminar_series;ikea_foundation_and_ingka_group_invite_you_to_test_your_knowledge;ikea_foundation_board_meeting_leiden_2023;bliwa-2024;constructive_institute_2024;vinnova_meeting_2023;laerargalan-2024;agenda_cfo;visit_sweden_2024;ingka_malmo_2024;srf_2024;svt;nordstjernan-2023;usa;skolverket_2024;institute_of_internal_auditors;di_vaerlden_2024;svt_constructive_journalism,,"",Around 60%,Around 40%,Around 20%
20_text,,,20,69,agenda_cfo;volvo;institute_of_internal_auditors;novo_nordisk;sopra-steria;bliwa-2024;laerargalan-2024;ikea_supply;ingka_malmo_2024;atomico;skolverket_2024;postkod_lotteriet;deloitte;project_rosling;2017_gapminder_test;postcode_lottery_group;sustainable-development-misconception-study-2020;population;uk_government_seminar_series;sas-institute;vinnova_meeting_2023;sodertalje_larare_2024;srf_2024;nordstjernan-2023;as;constructive_institute_2024;berne_union;wapo;global_communications_development_network;us-if-hub;sscf;visit_sweden_2024;unfccc_event,,2017_gapminder_test;sustainable-development-misconception-study-2020;population,B,A,C
1391,en-US,How many countries have made cooperation agreements with China's Belt and Road Initiative?,1391,80,ucla-2024;politehnica_university_timisoara;agenda_cfo;ikea_amsterdam_2023;volvo;nos_nieuws;institute_of_internal_auditors;novo_nordisk;sopra-steria;chn;bliwa-2024;ikea_foundation_board_meeting_leiden_2023;laerargalan-2024;ikea_supply;klimatpaktskonferensen;egnglobal;atomico;skolverket_2024;svt;irex;postkod_lotteriet;deloitte;lithuanian_journalism_centre;project_rosling;postcode_lottery_group;inmp_conference;uk_government_seminar_series;dispelling-common-myths;sas-institute;vinnova_meeting_2023;science4peace;sodertalje_larare_2024;tele_2;srf_2024;nordstjernan-2023;di_vaerlden_2024;as;sdg-world-09;ikea_foundation_and_ingka_group_invite_you_to_test_your_knowledge;constructive_institute_2024;7th-european-ministerial-conference-on-environment-and-health;alme;wuerth_congress;berne_union;wapo;reflections-on-leadership-uplifting-decision-making;us-if-hub;global_communications_development_network;sscf;visit_sweden_2024;unfccc_event,sdg-world-09,"",Around 140,Around 80,Around 40
1517,en-US,Child deaths in Africa today are at the same levels as in Europe in:,1517,82,politehnica_university_timisoara;ikea_amsterdam_2023;ikea_malmo;nos_nieuws;novo_nordisk;svt_constructive_journalism;sdg-world-03;laerargalan-2024;if_ingka_leiden;ipc_event;european_commission_in_vienna_2024;egnglobal;skolverket_2024;svt;if-ambassadors-hub-krakow;lithuanian_journalism_centre;forum_hospital_management;postcode_lottery_group;inmp_conference;uk_government_seminar_series;sas-institute;roi;africa;if-ambassadors-hub-bangalore;sodertalje_larare_2024;ikea_foundation_ambassador_hubs_2024;sines_portugal;opera-kaellaren-f-2023;constructive_institute_2024;cell_talks;7th-european-ministerial-conference-on-environment-and-health;hotel_staff_in_mysore;opentext_2024;wuerth_congress;global_communications_development_network;sscf;unfccc_event,sdg-world-03,"",1950,1900,1850
59,en-US,During the past 40 years the total amount of oil and natural gas in known underground reserves:,59,87,climate-misconception-study-2024;kings-college;ucla-2024;politehnica_university_timisoara;agenda_cfo;ikea_amsterdam_2023;ikea_malmo;our_planet;nos_nieuws;institute_of_internal_auditors;svt_constructive_journalism;norad;sopra-steria;ikea_foundation_board_meeting_leiden_2023;bliwa-2024;sdg-world-un-goals;laerargalan-2024;if_ingka_leiden;ingka_malmo_2024;egnglobal;atomico;skolverket_2024;svt;irex;postkod_lotteriet;if-ambassadors-hub-krakow;deloitte;lithuanian_journalism_centre;forum_hospital_management;sdg-world-07;postcode_lottery_group;postcode_lottery_berlin_2024;uk_government_seminar_series;roi;vinnova_meeting_2023;if-ambassadors-hub-bangalore;sodertalje_larare_2024;srf_2024;di_vaerlden_2024;ikea_foundation_ambassador_hubs_2024;as;ikea_foundation_and_ingka_group_invite_you_to_test_your_knowledge;constructive_institute_2024;hotel_staff_in_mysore;opentext_2024;flip-your-worldview;wapo;global_communications_development_network;postkodstiftelsen;visit_sweden_2024;unfccc_event,sdg-world-07,climate-misconception-study-2024;sdg-world-un-goals,More than doubled,Remained about the same,Reduced to less than half
1589,en-US,"In 1990, 39% of the global labour force was female. What is this value today?",1589,92,agenda_cfo;nos_nieuws;institute_of_internal_auditors;svt_constructive_journalism;ikea_foundation_board_meeting_leiden_2023;bliwa-2024;sdg-world-un-goals;laerargalan-2024;ingka_malmo_2024;skolverket_2024;svt;uk_government_seminar_series;sodertalje_larare_2024;sdg-world-05;di_vaerlden_2024;ikea_foundation_and_ingka_group_invite_you_to_test_your_knowledge;forum-on-tax-administration-gender-balance-network;constructive_institute_2024;wapo;postkodstiftelsen,sdg-world-05,sdg-world-un-goals,Around 39%,Around 42%,Around 46%
11,en-US,"In 1990, 58% of the world's population lived in low-income countries. What is the share today?",11,93,kings-college;prevas_2024;ucla-2024;agenda_cfo;ikea_amsterdam_2023;freiburg_uni;institute_of_internal_auditors;novo_nordisk;norad;sopra-steria;bliwa-2024;sdg-world-un-goals;laerargalan-2024;ikea_supply;if_ingka_leiden;european_commission_in_vienna_2024;granitor;egnglobal;e_on_digital_empowerment;atomico;snap_forward;svt;irex;sdg-world-08;if-ambassadors-hub-krakow;postkod_lotteriet;lithuanian_journalism_centre;forum_hospital_management;deloitte;project_rosling;postcode_lottery_berlin_2024;sustainable-development-misconception-study-2020;uk_government_seminar_series;vinnova_meeting_2023;if-ambassadors-hub-bangalore;sodertalje_larare_2024;srf_2024;nordstjernan-2023;di_vaerlden_2024;ikea_foundation_ambassador_hubs_2024;sines_portugal;ikea_foundation_and_ingka_group_invite_you_to_test_your_knowledge;constructive_institute_2024;cell_talks;7th-european-ministerial-conference-on-environment-and-health;hotel_staff_in_mysore;opentext_2024;alme;wuerth_congress;afry;celosphere_conf;flip-your-worldview;us-if-hub;nobel-summit;postkodstiftelsen,sdg-world-08,sdg-world-un-goals;sustainable-development-misconception-study-2020,Around 9%,Around 37%,Around 61%
1755,en-US,"Of all girls aged 6 to 11 in the world, how many go to school?",1755,76,constructive_institute_2024;laerargalan-2024;sodertalje_larare_2024;skolverket_2024;sdg-world-04,sdg-world-04,"",Around 90%,Around 60%,Less than 30%
1528,en-US,"How many people worldwide have their basic needs met when it comes to food, water, toilets, electricity, schooling and healthcare?",1528,79,ucla-2024;agenda_cfo;ikea_malmo;nos_nieuws;institute_of_internal_auditors;ikea_foundation_board_meeting_leiden_2023;bliwa-2024;sdg-world-un-goals;laerargalan-2024;ikea_supply;if_ingka_leiden;ingka_malmo_2024;skolverket_2024;irex;svt;if-ambassadors-hub-krakow;forum_hospital_management;sdg-world-01;postcode_lottery_berlin_2024;uk_government_seminar_series;if-ambassadors-hub-bangalore;sodertalje_larare_2024;tele_2;ikea_foundation_ambassador_hubs_2024;opera-kaellaren-f-2023;ikea_foundation_and_ingka_group_invite_you_to_test_your_knowledge;constructive_institute_2024;hotel_staff_in_mysore;opentext_2024;wapo;postkodstiftelsen;visit_sweden_2024,sdg-world-01,sdg-world-un-goals,Around 85%,Around 55%,Around 25%
58,en-US,What happened to the total amount of raw materials used across the world annually since 2000?,58,70,prevas_2024;ucla-2024;egn;politehnica_university_timisoara;freiburg_uni;ikea_amsterdam_2023;volvo;our_planet;sopra-steria;sdg-world-un-goals;laerargalan-2024;if_ingka_leiden;klimatpaktskonferensen;sdg-world-12;granitor;e_on_digital_empowerment;snap_forward;skolverket_2024;irex;if-ambassadors-hub-krakow;deloitte;forum_hospital_management;uni_ottawa;project_rosling;fbn2024;postcode_lottery_berlin_2024;if-ambassadors-hub-bangalore;metafinanz;bvm_award;ikea_foundation_ambassador_hubs_2024;constructive_institute_2024;hotel_staff_in_mysore;opentext_2024;alme;berne_union;afry;celosphere_conf;us-if-hub;cc_dataliteracy;nobel-summit;postkodstiftelsen,sdg-world-12,sdg-world-un-goals,Increased about 70%,Increased about 35%,Stayed about the same
32,en-US,In which countries are people on average least satisfied with their lives?,32,69,kings-college;prevas_2024;politehnica_university_timisoara;ucla-2024;freiburg_uni;ikea_amsterdam_2023;ikea_malmo;ekn;nos_nieuws;institute_of_internal_auditors;novo_nordisk;svt_constructive_journalism;norad;sopra-steria;sdg-world-03;ikea_foundation_board_meeting_leiden_2023;bliwa-2024;sdg-world-un-goals;laerargalan-2024;ikea_supply;if_ingka_leiden;klimatpaktskonferensen;ingka_malmo_2024;european_commission_in_vienna_2024;e_on_digital_empowerment;egnglobal;snap_forward;atomico;skolverket_2024;svt;irex;postkod_lotteriet;if-ambassadors-hub-krakow;deloitte;lithuanian_journalism_centre;forum_hospital_management;uni_ottawa;project_rosling;inmp_conference;uk_government_seminar_series;roi;sas-institute;vinnova_meeting_2023;metafinanz;if-ambassadors-hub-bangalore;sodertalje_larare_2024;tele_2;capgemini_invent;bvm_award;nordstjernan-2023;srf_2024;di_vaerlden_2024;as;erste_europeanforumalpbach;opera-kaellaren-f-2023;constructive_institute_2024;7th-european-ministerial-conference-on-environment-and-health;hotel_staff_in_mysore;berne_union;wuerth_congress;afry;global_communications_development_network;us-if-hub;alme;trygghetsfonden_2023;celosphere_conf;sscf;postkodstiftelsen;visit_sweden_2024;unfccc_event,sdg-world-03,sdg-world-un-goals,Low-income countries,Middle-income countries,High-income countries
15,en-US,What share of the world's population are international refugees?,15,80,egn;freiburg_uni;novo_nordisk;refugees;sdg-world-un-goals;european_commission_in_vienna_2024;granitor;snap_forward;postkod_lotteriet;uni_ottawa;postcode_lottery_group;sustainable-development-misconception-study-2020;inmp_conference;sustainable_societies;sas-institute;roi;metafinanz;bvm_award;constructive_institute_2024;cc_dataliteracy;afry;celosphere_conf;global_communications_development_network;nobel-summit;postkodstiftelsen,,refugees;sdg-world-un-goals;sustainable-development-misconception-study-2020,Around 0.6%,Around 6%,Around 16%
1498,en-US,"For all vertebrate species (animals with skeletons), how much did their wild populations decline on average during the past 50 years?",1498,75,bliwa-2024;sdg-world-un-goals;constructive_institute_2024;agenda_cfo;sodertalje_larare_2024;wapo;svt;nos_nieuws;postkodstiftelsen;di_vaerlden_2024;sdg-world-15;svt_constructive_journalism;project_rosling,sdg-world-15,sdg-world-un-goals,Around 70% decline,Around 40% decline,Around 10% decline
10,en-US,How many companies in the world have a woman as top manager or CEO?,10,89,prevas_2024;ucla-2024;politehnica_university_timisoara;volvo;ikea_amsterdam_2023;ikea_malmo;ikea_supply;if_ingka_leiden;irex;if-ambassadors-hub-krakow;deloitte;forum_hospital_management;lithuanian_journalism_centre;sustainable-development-misconception-study-2020;dispelling-common-myths;roi;if-ambassadors-hub-bangalore;sdg-world-05;ikea_foundation_ambassador_hubs_2024;erste_europeanforumalpbach;constructive_institute_2024;7th-european-ministerial-conference-on-environment-and-health;hotel_staff_in_mysore;opentext_2024;berne_union;wuerth_congress;reflections-on-leadership-uplifting-decision-making;us-if-hub;trygghetsfonden_2023,sdg-world-05,sustainable-development-misconception-study-2020,Around 18%,Around 10%,Around 2%
72,en-US,"In 1990, 3% of the world’s population lived in a different country than where they were born. What is that share today?",72,88,prevas_2024;agenda_cfo;nos_nieuws;institute_of_internal_auditors;svt_constructive_journalism;sopra-steria;ikea_foundation_board_meeting_leiden_2023;bliwa-2024;sdg-world-un-goals;ingka_malmo_2024;e_on_digital_empowerment;svt;postkod_lotteriet;deloitte;project_rosling;postcode_lottery_berlin_2024;uk_government_seminar_series;dispelling-common-myths;vinnova_meeting_2023;srf_2024;nordstjernan-2023;di_vaerlden_2024;as;sines_portugal;ikea_foundation_and_ingka_group_invite_you_to_test_your_knowledge;cell_talks;7th-european-ministerial-conference-on-environment-and-health;wapo;reflections-on-leadership-uplifting-decision-making;sdg-world-10;postkodstiftelsen;visit_sweden_2024;unfccc_event,sdg-world-10,sdg-world-un-goals,4%,14%,24%
97,en-US,What group of animals has the highest share of threatened species?,97,70,postcode_lottery_berlin_2024;sdg-world-un-goals;e_on_digital_empowerment;postkodstiftelsen;sdg-world-15,sdg-world-15,sdg-world-un-goals,Amphibians,Birds,Mammals
1521,en-US,"When biologists started counting fish in the oceans in 1950, around 1% of existing fish stocks were overexploited. By 2019 this share was...",1521,62,postcode_lottery_berlin_2024;sdg-world-un-goals;sodertalje_larare_2024;wapo;svt;postkodstiftelsen;sdg-world-14,sdg-world-14,sdg-world-un-goals,...more than 35%,...around 20%,...around 5%
1717,en-US,"Countries with incomes like India, Morocco and Bolivia, emit how much CO2 per person, compared to high-income countries?",1717,82,postcode_lottery_berlin_2024;ikea_foundation_and_ingka_group_invite_you_to_test_your_knowledge;ikea_foundation_board_meeting_leiden_2023;climate-misconception-study-2024;nos_nieuws;sdg-world-un-goals;if-ambassadors-hub-bangalore;if_ingka_leiden;hotel_staff_in_mysore;sodertalje_larare_2024;sdg-world-13;if-ambassadors-hub-krakow;postkodstiftelsen;visit_sweden_2024,sdg-world-13,climate-misconception-study-2024;sdg-world-un-goals,80% less,40% less,20% more
1764,en-US,What happened to CO2 emissions from the EU and USA since 2005?,1764,76,fbn2024;postcode_lottery_berlin_2024;sdg-world-un-goals;sodertalje_larare_2024;sdg-world-13;postkodstiftelsen,sdg-world-13,sdg-world-un-goals,They decreased 20%,They stayed the same,They increased 20%
79,en-US,Megacities are cities with more than 10 million inhabitants. What share of the world's population is expected to live in megacities in 2030?,79,82,urban-life;postcode_lottery_group;sdg-world-11;postcode_lottery_berlin_2024;sdg-world-un-goals;sodertalje_larare_2024;trygghetsfonden_2023;postkodstiftelsen,sdg-world-11,sdg-world-un-goals,Around 9%,Around 39%,Around 69%
2,en-US,How did the number of deaths per year from natural disasters change over the last hundred years?,2,84,nos_nieuws;novo_nordisk;svt_constructive_journalism;sopra-steria;sdg-world-un-goals;e_on_digital_empowerment;atomico;deloitte;project_rosling;2017_gapminder_test;postcode_lottery_group;sdg-world-01;postcode_lottery_berlin_2024;dispelling-common-myths;sas-institute;roi;vinnova_meeting_2023;nordstjernan-2023;as;sines_portugal;erste_europeanforumalpbach;cell_talks;7th-european-ministerial-conference-on-environment-and-health;wuerth_congress;global_communications_development_network;reflections-on-leadership-uplifting-decision-making;sscf;postkodstiftelsen;unfccc_event,sdg-world-01,sdg-world-un-goals;2017_gapminder_test,Decreased to less than half,Remained about the same,More than doubled
4,en-US,What share of the population in high-income countries (like Germany and the USA) live in extreme poverty (with less than $2/day)?,4,77,kings-college;egn;freiburg_uni;volvo;norad;sopra-steria;sdg-world-un-goals;ikea_supply;if_ingka_leiden;granitor;egnglobal;snap_forward;if-ambassadors-hub-krakow;deloitte;lithuanian_journalism_centre;uni_ottawa;sdg-world-01;sustainable-development-misconception-study-2020;postcode_lottery_berlin_2024;if-ambassadors-hub-bangalore;metafinanz;sodertalje_larare_2024;bvm_award;7th-european-ministerial-conference-on-environment-and-health;hotel_staff_in_mysore;berne_union;cc_dataliteracy;afry;celosphere_conf;us-if-hub;trygghetsfonden_2023;nobel-summit;postkodstiftelsen,sdg-world-01,sdg-world-un-goals;sustainable-development-misconception-study-2020,Less than 1%,Around 11%,Around 21%
111,en-US,"Of all financial aid received by the least developed countries, how much comes from charity and philanthropy?",111,78,postcode_lottery_berlin_2024;sdg-world-un-goals;sdg-world-17;7th-european-ministerial-conference-on-environment-and-health;sodertalje_larare_2024;postkodstiftelsen,sdg-world-17,sdg-world-un-goals,Around 5%,Around 25%,Around 50%
1794,en-US,"Of all greenhouse gas emissions from the global food system, how much comes from transporting food?
",1794,85,sdg-world-13,sdg-world-13,"",Around 6%,Around 36%,Around 66%
21,en-US,"In 1980, roughly 40% of the world's population lived in extreme poverty, with less than $2 per day. What is the share today?",21,87,opera-kaellaren-f-2023;sdg-world-01;sdg-world-un-goals;vinnova_meeting_2023;sodertalje_larare_2024;e_on_digital_empowerment;postkod-teacher-test;nordstjernan-2023;ikea_foundation_and_ingka;postkodstiftelsen;ikea_foundation_week_23,sdg-world-01,sdg-world-un-goals,Around 10%,Around 30%,Around 50%
37,en-US,"Worldwide, how many children under age 15 do not achieve the required minimum skills in reading and math?",37,74,sdg-world-un-goals;e_on_digital_empowerment;children_education;postkodstiftelsen;sdg-world-04;project_rosling,sdg-world-04,sdg-world-un-goals,Around 50%,Around 30%,Around 10%
1510,en-US,"Of all children aged 6 to 11 in the world, how many go to school?",1510,72,children_education;sdg-world-04,sdg-world-04,"",More than 85%,Around 60%,Less than 25%
1758,en-US,"Of all money earned in the world, how much comes from services, such as administration, banking, care, teaching, transport and entertainment?",1758,66,sdg-world-un-goals;postkodstiftelsen;sodertalje_larare_2024;sdg-world-08,sdg-world-08,sdg-world-un-goals,More than 60%,Around 45%,Around 30%
1499,en-US,"In the 1950s, 50% of all wars occurred between countries that are recognized as sovereign states by the UN. What is that number today?",1499,78,inmp_conference;sdg-world-un-goals;science4peace;sodertalje_larare_2024;e_on_digital_empowerment;global_communications_development_network;postkod_lotteriet;sdg-world-16;postkodstiftelsen,sdg-world-16,sdg-world-un-goals,Around 5%,Around 25%,Around 55%
53,en-US,"Globally, around 160 million children are used for child labor. In what sector do the majority of them work?",53,69,uk_government_seminar_series;sdg-world-un-goals;ingka_malmo_2024;alme;sodertalje_larare_2024;sdg-world-08;trygghetsfonden_2023;postkodstiftelsen,sdg-world-08,sdg-world-un-goals,Agriculture,Services,Industry
17,en-US,What share of countries in the world have laws against sexual harassment at work?,17,92,deloitte;sustainable-development-misconception-study-2020;sdg-world-10,sdg-world-10,sustainable-development-misconception-study-2020,Around 70%,Around 50%,Around 30%
18,en-US,"How much of the world's economy comes from agriculture, forestry and fishing?",18,84,sustainable-development-misconception-study-2020;trygghetsfonden_2023;lithuanian_journalism_centre;sdg-world-09;erste_europeanforumalpbach,sdg-world-09,sustainable-development-misconception-study-2020,Around 5%,Around 25%,Around 45%
9,en-US,"Of all energy used in the world, how much comes from natural gas, coal and oil?",9,65,urban-life;sustainable-development-misconception-study-2020;metafinanz;egn;klimatpaktskonferensen;freiburg_uni;cc_dataliteracy;granitor;afry;snap_forward;our_planet;bvm_award;atomico;celosphere_conf;nobel-summit;deloitte;uni_ottawa;sdg-world-07,sdg-world-07,sustainable-development-misconception-study-2020,Around 80%,Around 60%,Around 40%
6,en-US,How many people in the world have access to basic drinking water within 30 minutes of their home?,6,82,sustainable-development-misconception-study-2020;deloitte;sdg-world-un-goals;sdg-world-06;operakallaren_foundation;e_on_digital_empowerment;postkodstiftelsen,sdg-world-06,sustainable-development-misconception-study-2020;sdg-world-un-goals,Around 90%,Around 70%,Around 50%
3,en-US,"In low-income countries across the world in 2022, what share of girls went to school until at least age 11?
",3,86,children_education;sustainable-development-misconception-study-2020;sdg-world-04;2017_gapminder_test,sdg-world-04,sustainable-development-misconception-study-2020;2017_gapminder_test,Around 60%,Around 40%,Around 20%
13,en-US,What share of the world’s population lives in megacities (cities with at least 10 million people)?,13,77,urban-life;sdg-world-11;sustainable-development-misconception-study-2020;ikea_foundation_ambassador_hubs_2024;ikea_supply;if-ambassadors-hub-bangalore;if_ingka_leiden;hotel_staff_in_mysore;volvo;opentext_2024;berne_union;ikea_malmo;us-if-hub;if-ambassadors-hub-krakow;deloitte;forum_hospital_management;as,sdg-world-11,sustainable-development-misconception-study-2020,Around 8%,Around 28%,Around 48%
8,en-US,"Biologists have evaluated the status of more than 160,000 species of plants and animals. How many are endangered or threatened?",8,65,postcode_lottery_group;sustainable-development-misconception-study-2020;uk_government_seminar_series;atomico;unfccc_event;deloitte;sdg-world-15;sopra-steria,sdg-world-15,sustainable-development-misconception-study-2020,Around 30%,Around 60%,Around 90%
19,en-US,The governments of high-income countries get how much of their revenue from customs and import duties?,19,82,sdg-world-17;sustainable-development-misconception-study-2020;ekn,sdg-world-17,sustainable-development-misconception-study-2020,Around 2%,Around 12%,Around 22%
5,en-US,How much of the excess heat from global warming is captured in the oceans?,5,85,climate-misconception-study-2024;ucla-2024;egn;freiburg_uni;sdg-world-13;klimatpaktskonferensen;granitor;kungliga-skogs-och-lantbruksakademin;snap_forward;irex;deloitte;uni_ottawa;sustainable-development-misconception-study-2020;metafinanz;bvm_award;7th-european-ministerial-conference-on-environment-and-health;cc_dataliteracy;afry;celosphere_conf;nobel-summit;unfccc_event,sdg-world-13,climate-misconception-study-2024;sustainable-development-misconception-study-2020,Around 89%,Around 49%,Around 9%
12,en-US,What share of the world’s population don't have enough food to meet their daily energy needs?,12,79,sdg-world-02;sustainable-development-misconception-study-2020;sdg-world-un-goals;e_on_digital_empowerment;postkod-teacher-test;ikea_foundation_and_ingka;postkodstiftelsen,sdg-world-02,sustainable-development-misconception-study-2020;sdg-world-un-goals,Around 11%,Around 23%,Around 37%
1793,en-US,"How much of all the money earned in sub-Saharan Africa comes from agriculture, forestry and fishing?
",1793,76,sdg-world-09,sdg-world-09,"",Around 20%,Around 40%,Around 60%
1792,en-US,"If POOR means people with less than $2/day, and RICH means more than $200/day. Today the number of POOR per RICH is…
",1792,85,sdg-world-01,sdg-world-01,"",…smaller than ever,…the same as always,…larger than ever
1791,en-US,"ReliefWeb is the UN's service to coordinate disaster relief work worldwide, day and night. How many humanitarian situation reports did it publish in 2023?
",1791,71,sdg-world-16;sdg-world-01,sdg-world-16,"","Around 10,000","Around 1,000",Around 100
1790,en-US,"How much of all greenhouse gas emissions come from transport?
",1790,75,sdg-world-13,sdg-world-13,"",Around 16%,Around 36%,Around 56%
1786,en-US,"Since 1961, the land used for crop agriculture worldwide has increased by 13%. What has happened to the annual amount of grains (corn, wheat, rice etc) produced?",1786,66,sdg-world-02,sdg-world-02,"",It increased 240%,Stayed about the same,It decreased 10%
1789,en-US,"Since 1961, the land used for crop agriculture worldwide has increased by 13%. What has happened to the annual amount of grains (corn, wheat, rice etc) produced?
",1789,66,sdg-world-02,sdg-world-02,"",Increased 240%,Stayed about the same,Decreased 10%
1788,en-US,"What share of Africa's population aren't able to access enough nutritious food every day?
",1788,66,sdg-world-02,sdg-world-02,"",Around 60%,Around 75%,Around 95%
1782,en-US,"Of all deaths in Africa, what share is caused by a lack of food?
",1782,75,africa;sdg-world-02,sdg-world-02,"",Around 2%,Around 32%,Around 62%
1783,en-US,"Of the 195 countries in the world, how many have some kind of school feeding program?
",1783,88,sdg-world-02,sdg-world-02,"",More than 150,Around 70,Fewer than 20
1784,en-US,"In the United States and Europe, how many children are covered by some kind of social protection program in case their parents can't give them food?
",1784,81,sdg-world-02,sdg-world-02,"",More than 85%,Around 50%,Less than 15%
1766,en-US,"What happened to the average amount of food produced from a field with potatoes, cassava, maize, rice and wheat since 1960?",1766,51,sdg-world-02,sdg-world-02,"",It nearly doubled,Stayed more or less the same,Dropped to less than half
1604,en-US,How many children in Europe (including Russia and Türkiye) are obese today?,1604,87,sdg-world-02,sdg-world-02,"",Around 10%,Around 25%,Around 40%
1513,en-US,"Between 2005 and 2020, $57 billion was spent on food aid for poor countries. How much was spent researching new crops that could yield more food or survive extreme weather?",1513,49,sdg-world-02,sdg-world-02,"",$9 billion,$39 billion,$69 billion
1511,en-US,How much of the food eaten by people in Africa is produced in Africa?,1511,76,ikea_foundation_and_ingka;africa;sdg-world-02;ikea_foundation_week_23,sdg-world-02,"",More than 80%,Around 50%,Less than 20%
27,en-US,How many countries worldwide have holdings of plant genetic materials conserved in genebanks?,27,80,sdg-world-02,sdg-world-02,"",Around 100,Around 50,Less than 10
29,en-US,"In 1995, all countries together spent 4,600 million US dollars on agriculture export subsidies. How much was spent in 2019?",29,82,sdg-world-02,sdg-world-02,"",100 million USD,"1,000 million USD","10,000 million USD"
26,en-US,"Worldwide, how many children under age 5 are overweight?",26,82,health_medical_research;sdg-world-02,sdg-world-02,"",6%,26%,46%
28,en-US,Which of the following regions has the largest share of children under 5 who are dangerously underweight?,28,85,sdg-world-02,sdg-world-02,"",South Asia,Sub-Saharan Africa,North Africa & Middle East
1787,en-US,"How much of the world's economy comes from agriculture, forestry and fishing?",1787,82,sdg-world-02;sdg-world-08,sdg-world-02,"",Around 4%,Around 24%,Around 44%
1785,en-US,Which of the following regions has the highest share of female researchers?,1785,80,sdg-world-05,sdg-world-05,"",Central Asia,Europe,North America
1781,en-US,What share of people in high-income countries can't afford enough food for their daily energy needs?,1781,77,sdg-world-02,sdg-world-02,"",Less than 2%,Around 12%,Around 22%
1780,en-US,"What share of the world's population aren't able to access enough nutritious food every day?
",1780,73,sdg-world-02,sdg-world-02,"",Around 30%,Around 50%,Around 70%
1550,en-US,"What percentage of the world's population lives in countries where women on average have 5 or more babies?
",1550,81,sscf;sdg-world-05;population;wapo,sdg-world-05,population,Around 5%,Around 35%,Around 65%
1571,en-US,"Worldwide, what percentage of women in stable relationships who want to use contraceptives, don't have access to them?",1571,67,sdg-world-05;capgemini_invent,sdg-world-05,"",10%,30%,50%
1763,en-US,In how many of the world’s 195 countries do women NOT have the right to vote?,1763,85,sdg-world-05,sdg-world-05,"",1,23,46
1748,en-US,How many girls are married by the age of 15 in Sub-Saharan Africa?,1748,85,sdg-world-05,sdg-world-05,"",Around 10%,Around 30%,Around 50%
1719,en-US,"What share of all countries have some kind of law to protect women against domestic violence?
",1719,81,sdg-world-05;capgemini_invent,sdg-world-05,"",Around 75%,Around 50%,Around 25%
1553,en-US,"Of all men aged 25-29 worldwide, about 90% are in the labor force (have a job or are seeking one). What’s the number for women?",1553,74,sdg-world-05,sdg-world-05,"",Around 60%,Around 70%,Around 80%
1652,en-US,How many countries have laws which say that men and women should be paid the same amount for doing work of equal value?,1652,75,sdg-world-05;forum-on-tax-administration-gender-balance-network;capgemini_invent,sdg-world-05,"",Around 40%,Around 25%,Around 10%
1650,en-US,In how many countries is the highest political leader a woman?,1650,88,sdg-world-05;forum-on-tax-administration-gender-balance-network,sdg-world-05,"",Around 15,Around 10,Around 5
1619,en-US,How many women are married before the age of 18 in Sub-Saharan Africa?,1619,81,sdg-world-05,sdg-world-05,"",Around 30%,Around 50%,Around 70%
1574,en-US,In how many countries (out of 195) do married men and women NOT have equal legal rights to own land or houses?,1574,75,sdg-world-05;capgemini_invent,sdg-world-05,"",Around 20,Around 80,Around 140
1500,en-US,"Across the world, women do more unpaid care and domestic work than men. How much more?",1500,69,forum-on-tax-administration-gender-balance-network;sdg-world-un-goals;e_on_digital_empowerment;sdg-world-05;capgemini_invent;postkodstiftelsen;project_rosling,sdg-world-05,sdg-world-un-goals,Around three times more,Around twice as much,50% more
43,en-US,"In how many countries, out of 195, is marriage under age 18 legally possible?",43,90,sdg-world-05,sdg-world-05,"",113,73,13
41,en-US,"Worldwide, which of these contraceptive methods is the most used by women?",41,95,sdg-world-05;capgemini_invent,sdg-world-05,"",Sterilization,Intrauterine Device (IUD),Pill
44,en-US,"Of 195 countries, how many have signed the UN Convention on the Elimination of All Forms of Discrimination against Women?",44,93,sdg-world-05;forum-on-tax-administration-gender-balance-network;capgemini_invent,sdg-world-05,"",190,120,50
40,en-US,"Worldwide, what share of seats in national parliaments are held by women today?",40,78,sdg-world-05;forum-on-tax-administration-gender-balance-network,sdg-world-05,"",Around 25%,Around 15%,Around 5%
1611,en-US,What share of the world's population lives in middle-income countries today?,1611,79,population;sdg-world-08,sdg-world-08,population,Around 75%,Around 50%,Around 25%
1718,en-US,Around half of the world's population is below:,1718,70,population,,population,33 years of age,43 years of age,53 years of age
76,en-US,"Today, more than 5 times more people live in towns and cities than in 1950. What happened to the rural population?",76,82,urban-life;opera-kaellaren-f-2023;sdg-world-11;population;ikea_foundation_and_ingka_group_invite_you_to_test_your_knowledge;ikea_foundation_board_meeting_leiden_2023;prevas_2024;ucla-2024;if-ambassadors-hub-bangalore;if_ingka_leiden;hotel_staff_in_mysore;ingka_malmo_2024;european_commission_in_vienna_2024;wuerth_congress;irex;trygghetsfonden_2023;if-ambassadors-hub-krakow;lithuanian_journalism_centre,sdg-world-11,population,Almost doubled,Stayed about the same,Almost halved
1729_text,,,1729,80,sdg-world-01;population;ikea_foundation_and_ingka_group_invite_you_to_test_your_knowledge;ikea_foundation_board_meeting_leiden_2023,sdg-world-01,population,C,B,A
1567,en-US,How many of the world’s 195 countries do UN experts expect to decrease in population size between now and 2050?,1567,79,population,,population,Around 50 countries,Around 30 countries,Around 10 countries
1654,en-US,It took 12 years for the world's population to grow from 6 to 7 billion people. How long did it take from 7 to 8 billion?,1654,89,population,,population,12 years,7 years,2 years
1631,en-US,"Thirty years ago, less than 25% of the world's population lived in middle-income countries. What is the share today?	",1631,84,population,,population,Around 75%,Around 45%,Around 15%
1627,en-US,"What share of all countries will have fewer people in 2050 than they have today, if current population trends continue?
",1627,74,population,,population,25%,15%,5%
1622,en-US,"There are currently 8 billion people on Earth. How many people do UN experts think there will be in 2100?
",1622,74,population,,population,Around 10.5 billion,Around 16.5 billion,Around 22.5 billion
56,en-US,"Today, 65% of the world’s population are of working age (15-64 years old). What do UN experts think this number will be in 2100?",56,82,trygghetsfonden_2023;population;sdg-world-08;ekn,sdg-world-08,population,60%,50%,70%
1603,en-US,"By 2050, the number of old people (age 65+) will double everywhere, except:",1603,83,population;bliwa-2024;vinnova_meeting_2023;agenda_cfo;ingka_malmo_2024;nordstjernan-2023;sscf;institute_of_internal_auditors,,population,High-income countries,Middle-income countries,Low-income countries
1593,en-US,The total number of old people worldwide (age 65+) is expected to increase by 800 million by 2050. How much of the increase will happen in high-income countries?,1593,74,sscf;population,,population,15%,35%,55%
1506,en-US,"There are 2 billion children in the world today, aged 0-14 years old. How many children will there be in the year 2100 according to the United Nations?",1506,89,2017_gapminder_test;population;nordstjernan-2023;novo_nordisk;as,,2017_gapminder_test;population,2 billion,3 billion,4 billion
1504,en-US,What share of the world’s population lives in countries where women on average have less than 3 babies?,1504,67,population;as,,population,80%,60%,40%
1505,en-US,"According to the United Nations, the world population will increase by another 2.4 billion people by 2100. The main reason is that there will be more…",1505,64,2017_gapminder_test;population;novo_nordisk;as,,2017_gapminder_test;population,adults (age 15 to 74),very old (above age 75),children (below age 15)
1779,en-US,"Of all people living in extreme poverty worldwide (on less than $2 a day), how many are refugees or people living in urban slums?
",1779,73,sdg-world-01,sdg-world-01,"",Around 20%,Around 45%,Around 70%
1778,en-US,"What share of the world’s population live in countries where the majority are extremely poor, living with less than $2 a day?
",1778,90,sdg-world-01,sdg-world-01,"",Around 5%,Around 25%,Around 45%
1777,en-US,"Of all the people in Middle-Income Countries, how many live in extreme poverty (with less than $2 a day)?
",1777,85,sdg-world-01,sdg-world-01,"",Around 7%,Around 22%,Around 37%
1663,en-US,"Among university-educated refugees in the EU in 2019 who were employed, how many of them were overqualified for their jobs?",1663,76,alme;refugees,,refugees,Around 60%,Around 40%,Around 20%
1642,en-US,"When UNICEF bought child vaccines in 2018, what price did they pay on average, compared to the price paid by high-income countries like Germany and USA?",1642,72,alme;sdg-world-17;sdg-world-03,sdg-world-17,"",Less than 20% of the price,Roughly half the price,More than twice the price
52,en-US,"In 1990, 19% of people aged 65 and older in the world still worked. What is the share expected to be in 2030?",52,88,alme;european_commission_in_vienna_2024;trygghetsfonden_2023;sdg-world-08,sdg-world-08,"",Around 21%,Around 41%,Around 61%
62,en-US,What share of all workers worldwide are employed in the manufacturing sector?,62,80,ikea_foundation_and_ingka_group_invite_you_to_test_your_knowledge;ikea_foundation_board_meeting_leiden_2023;alme;trygghetsfonden_2023;sdg-world-09,sdg-world-09,"",Around 15%,Around 35%,Around 55%
1545,en-US,Which of the following causes the most deaths in Africa?,1545,81,ucla-2024;politehnica_university_timisoara;ikea_amsterdam_2023;ikea_malmo;novo_nordisk;if_ingka_leiden;ingka_malmo_2024;egnglobal;irex;if-ambassadors-hub-krakow;forum_hospital_management;lithuanian_journalism_centre;uk_government_seminar_series;roi;africa;vinnova_meeting_2023;if-ambassadors-hub-bangalore;nordstjernan-2023;ikea_foundation_ambassador_hubs_2024;hotel_staff_in_mysore;opentext_2024;alme;sscf,,"",Heart disease and stroke,HIV / AIDS,Conflict and war
1613,en-US,"Worldwide, what causes more deaths?",1613,74,prevas_2024;ucla-2024;ikea_amsterdam_2023;ikea_malmo;sdg-world-03;if_ingka_leiden;egnglobal;irex;if-ambassadors-hub-krakow;forum_hospital_management;lithuanian_journalism_centre;if-ambassadors-hub-bangalore;ikea_foundation_ambassador_hubs_2024;sines_portugal;cell_talks;hotel_staff_in_mysore;opentext_2024;alme;wuerth_congress,sdg-world-03,"",Heart disease and strokes,Cancer,Lack of food
1607,en-US,How many people in the European Union currently suffer from depression?,1607,88,alme;european_commission_in_vienna_2024,,"",Around 5%,Around 25%,Around 45%
1672,en-US,"In 1990, around 60% of all electricity worldwide was produced using fossil fuels. What is that number today?",1672,70,climate-misconception-study-2024;sdg-world-07,sdg-world-07,climate-misconception-study-2024,Around 60%,Around 50%,Around 40%
1524,en-US,"In 2023, how much fossil fuels (oil, coal and natural gas) were used in the world, compared to the year 2000?",1524,80,climate-misconception-study-2024;if-ambassadors-hub-bangalore;hotel_staff_in_mysore;if_ingka_leiden;tele_2;if-ambassadors-hub-krakow;sdg-world-07,sdg-world-07,climate-misconception-study-2024,145% (much more),120% (some more),95% (some less)
1720,en-US,"Worldwide, how many people in rural areas have access to drinking water within 30 minutes of their home?
",1720,88,sdg-world-06,sdg-world-06,"",More than 75%,Around 50%,Less than 25%
109,en-US,"In 2000, low- and middle-income countries on average spent almost 6% of their annual income on their government's loans. What was this number in 2022?",109,88,sdg-world-17,sdg-world-17,"",Around 4%,Around 8%,Around 12%
60,en-US,"
How many people in the world have a mobile phone subscription?
",60,66,wapo;atomico;deloitte;as;sdg-world-09,sdg-world-09,"",Around 78%,Around 85%,Around 92%
1676,en-US,"In 2022, the UN spent around $6.4 billion to help refugees worldwide. How much did Western European governments spend to help refugees within West Europe?",1676,81,uk_government_seminar_series;ikea_foundation_and_ingka_group_invite_you_to_test_your_knowledge;ikea_foundation_board_meeting_leiden_2023;refugees;vinnova_meeting_2023;world-refugee-day-2023;svt;nos_nieuws;di_vaerlden_2024;svt_constructive_journalism,,refugees,More than $20 billion,Around $5 billion,Less than $3 billion
1731,en-US,"In 2022, how much of the increased electricity production in the world came from renewable sources?",1731,89,uk_government_seminar_series;bliwa-2024;climate-misconception-study-2024;agenda_cfo;ingka_malmo_2024;srf_2024;visit_sweden_2024;nos_nieuws;institute_of_internal_auditors;di_vaerlden_2024;svt_constructive_journalism;sdg-world-07,sdg-world-07,climate-misconception-study-2024,Around 85%,Around 45%,Around 10%
1646,en-US,"How much of all the money earned in low-income countries comes from agriculture, forestry and fishing?",1646,80,ingka_malmo_2024;ikea_foundation_and_ingka_group_invite_you_to_test_your_knowledge;ikea_foundation_board_meeting_leiden_2023;sdg-world-08,sdg-world-08,"",Around 25%,Around 50%,Around 75%
1523,en-US,"Roughly what is the minimum wage in these countries with lots of textile factories, India, China, Pakistan, Vietnam, Cambodia, Myanmar and Indonesia?",1523,80,ikea_foundation_and_ingka_group_invite_you_to_test_your_knowledge;ikea_foundation_board_meeting_leiden_2023;ingka_malmo_2024;nordstjernan-2023;svt_constructive_journalism;sdg-world-09,sdg-world-09,"",Around $10 a day,Around $1 a day,Around $0.2 a day
7,en-US,How many people in the world live in areas that are 5 meters or less above sea level?,7,77,kungliga-skogs-och-lantbruksakademin;sdg-world-13;unfccc_event,sdg-world-13,"",Around 11%,Around 31%,Around 51%
85,en-US,"What happens to the average global temperature if we halve the annual net emissions of CO2, today?",85,67,climate-misconception-study-2024;kings-college;prevas_2024;egn;freiburg_uni;ikea_amsterdam_2023;volvo;sdg-world-13;our_planet;nos_nieuws;institute_of_internal_auditors;svt_constructive_journalism;norad;sopra-steria;urban-life;ikea_foundation_board_meeting_leiden_2023;ikea_supply;if_ingka_leiden;klimatpaktskonferensen;e_on_digital_empowerment;kungliga-skogs-och-lantbruksakademin;snap_forward;atomico;egnglobal;svt;granitor;postkod_lotteriet;if-ambassadors-hub-krakow;deloitte;uni_ottawa;project_rosling;postcode_lottery_group;dispelling-common-myths;sas-institute;vinnova_meeting_2023;metafinanz;if-ambassadors-hub-bangalore;tele_2;bvm_award;srf_2024;di_vaerlden_2024;as;ikea_foundation_and_ingka_group_invite_you_to_test_your_knowledge;7th-european-ministerial-conference-on-environment-and-health;hotel_staff_in_mysore;berne_union;cc_dataliteracy;afry;global_communications_development_network;us-if-hub;celosphere_conf;reflections-on-leadership-uplifting-decision-making;wapo;flip-your-worldview;visit_sweden_2024;unfccc_event,sdg-world-13,climate-misconception-study-2024,It keeps increasing,It stays the same,It decreases
1636,en-US,"Compared to the year before, how much less carbon dioxide was emitted worldwide during 2020 because of the Coronavirus Pandemic?",1636,74,visit_sweden_2024;srf_2024;sdg-world-08,sdg-world-08,"",Around 5% less,Around 20% less,Around 40% less
1620,en-US,What share of the total global economy comes from tourism?,1620,75,visit_sweden_2024;srf_2024;sdg-world-08,sdg-world-08,"",Around 10%,Around 25%,Around 40%
1563,en-US,What share of all greenhouse gas emissions come from airplanes?,1563,74,visit_sweden_2024;srf_2024;sdg-world-09,sdg-world-09,"",Less than 6%,Around 16%,More than 26%
1706,en-US,"Electronics and pharmaceutical companies spend around 12% of their revenue on research and development. How much do energy and fuel producing companies spend?
",1706,82,bliwa-2024;climate-misconception-study-2024;agenda_cfo;visit_sweden_2024;sdg-world-07,sdg-world-07,climate-misconception-study-2024,Around 0.3%,Around 3%,Around 30%
1776,en-US,How many jobs in the US are supported by exports to China?,1776,68,usa;sdg-world-08,sdg-world-08,"",Around 1 million,"Around 500,000","Around 100,000"
1775,en-US,What was the top US service export to China in 2021?,1775,77,usa;sdg-world-08,sdg-world-08,"",Education,Financial Services,Computer software services
1737,en-US,How many people in high-income countries see climate change as a threat to their country over the next 20 years?,1737,80,sdg-world-13;srf_2024;svt_constructive_journalism;climate-misconception-study-2024,sdg-world-13,climate-misconception-study-2024,Around 80%,Around 50%,Around 20%
1691,en-US,"Of all energy used in the world, what share is electricity?",1691,75,climate-misconception-study-2024;prevas_2024;ucla-2024;politehnica_university_timisoara;ikea_amsterdam_2023;ikea_malmo;svt_constructive_journalism;ikea_foundation_board_meeting_leiden_2023;if_ingka_leiden;egnglobal;irex;if-ambassadors-hub-krakow;forum_hospital_management;lithuanian_journalism_centre;sdg-world-07;vinnova_meeting_2023;if-ambassadors-hub-bangalore;srf_2024;di_vaerlden_2024;ikea_foundation_ambassador_hubs_2024;ikea_foundation_and_ingka_group_invite_you_to_test_your_knowledge;hotel_staff_in_mysore;opentext_2024;wuerth_congress,sdg-world-07,climate-misconception-study-2024,Around 20%,Around 50%,Around 80%
1584,en-US,"In 2016, around 80 countries agreed to work jointly to stop companies avoiding tax by shifting profits to low-tax locations. How many countries are members today?",1584,76,forum-on-tax-administration-gender-balance-network;bliwa-2024;sdg-world-17;agenda_cfo;institute_of_internal_auditors,sdg-world-17,"",Around 140,Around 90,Around 50
1542,en-US,Worldwide about 30% of researchers are women. What is the share of female researchers in Sub-Saharan Africa?,1542,82,africa;ucla-2024;if-ambassadors-hub-bangalore;if_ingka_leiden;hotel_staff_in_mysore;opentext_2024;ikea_malmo;capgemini_invent;irex;ekn;if-ambassadors-hub-krakow;forum_hospital_management;ikea_foundation_ambassador_hubs_2024,,"",Around 30%,Around 20%,Around 10%
1716,en-US,Which of these free-trade areas includes the most countries?,1716,68,sdg-world-17;institute_of_internal_auditors,sdg-world-17,"",African Continental Free Trade Area,The European Union,North American Free Trade Agreement
1502,en-US,"The United Nations’ Sustainable Development Goals have a total of 169 targets. How many of them mention the words ""democracy"" or ""democratic""?",1502,80,inmp_conference;sdg-world-un-goals;science4peace;e_on_digital_empowerment;global_communications_development_network;postkod_lotteriet;postkodstiftelsen;lithuanian_journalism_centre;unfccc_event,,sdg-world-un-goals,0 targets,14 targets,34 targets
64,en-US,What share of the world’s population used the Internet in 2023?,64,66,deloitte;prevas_2024;sdg-world-un-goals;e_on_digital_empowerment;atomico;svt;postkodstiftelsen;sdg-world-09;sopra-steria,sdg-world-09,sdg-world-un-goals,Around 65%,Around 80%,Around 95%
105,en-US,What share of the members of the United Nations General Assembly are low- and middle-income countries?,105,81,sdg-world-16,sdg-world-16,"",Around 70%,Around 45%,Around 20%
1680,en-US,How many countries have satellites in orbit around the earth?,1680,68,sdg-world-09,sdg-world-09,"",Around 80,Around 40,Around 15
1661,en-US,How many refugees currently live in the world's largest refugee camp?,1661,76,refugees,,refugees,"Around 900,000","Around 90,000","Around 9,000"
70,en-US,"When counting the number of refugees in the world, the number includes people who have...",70,53,refugees,,refugees,Fled to a different country,Both of the above,Fled to another part of their country
69,en-US,"Of all refugees worldwide, in 2023, what share had been in exile for more than four years?
",69,80,world-refugee-day-2023;sustainable_societies;refugees,,refugees,More than 60%,Around 45%,Less than 30%
66,en-US,What share of all migrants in the world are refugees?,66,70,refugees,,refugees,Around 15%,Around 25%,Around 35%
65,en-US,Which of these countries hosts the largest share of refugees in relation to its population?,65,69,world-refugee-day-2023;inmp_conference;sustainable_societies;refugees,,refugees,Lebanon,Germany,Sweden
1761,en-US,"Every year, energy from the sun (light and heat) reaches the earth. Compared to that energy, how much energy leaves the Earth out into space every year?",1761,67,sdg-world-13;climate-misconception-study-2024,sdg-world-13,climate-misconception-study-2024,0.3% less than what comes in,30% less than what comes in,30% more than what comes in
1730,en-US,"In high-income countries in 2021, the poorer half of the population emitted roughly 5 tonnes of CO2 per person from burning fossil fuels. How much was emitted per person, by the richest 10%?",1730,60,climate-misconception-study-2024;if-ambassadors-hub-bangalore;hotel_staff_in_mysore;if_ingka_leiden;ikea_malmo;sdg-world-13;if-ambassadors-hub-krakow,sdg-world-13,climate-misconception-study-2024,Eight times more,Twice as much,Half as much
86,en-US,How many of the 195 countries recognized by the UN have adopted the Paris Agreement on climate change and the environment?,86,85,kungliga-skogs-och-lantbruksakademin;sdg-world-13;climate-misconception-study-2024;unfccc_event,sdg-world-13,climate-misconception-study-2024,192,142,92
1738,en-US,"From 2015 to 2021, the world population increased by 80 million each year. During the same period, how many more people gained some access to electricity each year?",1738,81,climate-misconception-study-2024;sdg-world-07,sdg-world-07,climate-misconception-study-2024,Around 120 million,Around 40 million,Around 15 million
1741,en-US,"Of all greenhouse gas emissions from human activities, how much come from burning fossil fuels?",1741,62,climate-misconception-study-2024,,climate-misconception-study-2024,Around 65%,Around 45%,Around 25%
1715,en-US,What is it all greenhouse gases do?,1715,64,sdg-world-13,sdg-world-13,"",Absorb heat,Reflect light and heat,Pollute air
1689,en-US,"Of all energy used in the world in 2000, around 86% came from burning fossil fuels (oil, coal and gas). What is the number today?",1689,63,ikea_foundation_and_ingka_group_invite_you_to_test_your_knowledge;ikea_foundation_board_meeting_leiden_2023;wuerth_congress;egnglobal;svt_constructive_journalism;sdg-world-07,sdg-world-07,"",Around 82%,Around 64%,Around 52%
1736,en-US,Which group of countries below produces the highest share of electricity from renewable sources?,1736,89,wuerth_congress;sdg-world-07,sdg-world-07,"","Brazil, Kenya, Costa Rica","Finland, Sweden, Spain","United States, United Kingdom, The Netherlands"
23,en-US,"Of all people aged 65 or older in high-income countries, how many live below the poverty line?",23,80,european_commission_in_vienna_2024;sdg-world-01,sdg-world-01,"",14%,29%,44%
57,en-US,What share of people above retirement age worldwide are entitled to a pension?,57,85,european_commission_in_vienna_2024;sdg-world-08,sdg-world-08,"",Around 75%,Around 45%,Around 25%
1769,en-US,"Of all children in high-income countries who had cancer back in 1975, around 58% survived more than 5 years. What is that number today?",1769,74,european_commission_in_vienna_2024;sdg-world-03,sdg-world-03,"",More than 80%,Around 70%,Around 60%
1678,en-US,"In 2022, many Western European governments spent more than $20 per person per day, to help newly arrived refugees.
How much did the United Nations spend per refugee per day on average, in the rest of the world?
",1678,78,european_commission_in_vienna_2024;refugees;world-refugee-day-2023,,refugees,Around $1,Around $25,Around $45
71,en-US,"In what part of the world is income inequality the smallest, when measuring how much the richest 10% earn of all income?",71,81,kings-college;european_commission_in_vienna_2024;atomico;sdg-world-10;norad,sdg-world-10,"",Europe,Sub-Saharan Africa,Middle East
1771,en-US,What happened to the global maternal mortality rate between 2000 and 2020 (the rate of mothers dying while giving birth or shortly after)?,1771,66,sdg-world-03,sdg-world-03,"",It declined about 30%,It declined about 10%,It stayed about the same
1770,en-US,"Back in 1986, countries with nuclear weapons had around 64,000 warheads stockpiled. What is that number today?",1770,68,sdg-world-16,sdg-world-16,"",80% less,About the same,50% more
96,en-US,What happened to the number of new tuberculosis cases worldwide between 2000 and 2022?,96,68,sdg-world-03,sdg-world-03,"",Decreased 20%,Stayed about the same,Increased 20%
1767,en-US,"Compared to 30 years ago, the pollution of microplastics in the world's oceans today is roughly:",1767,82,sdg-world-14,sdg-world-14,"",8 times higher,80 times higher,800 times higher
1722,en-US,"Since agreements were made in 1987 to limit ozone-depleting substances, how many have been phased out?
",1722,75,sdg-world-13,sdg-world-13,"",More than 95%,Around 70%,Less than 40%
1640,en-US,"Globally, an income of less than $2 a day is considered extreme poverty. In the Nordics (Sweden, Norway, Denmark, Finland, Iceland) national poverty lines are roughly:",1640,64,prevas_2024;sdg-world-01,sdg-world-01,"",$30 a day,$20 a day,$10 a day
31,en-US,"Worldwide, how many babies are born with a trained health worker present?",31,87,sdg-world-03;health_medical_research;ipc_event;nordstjernan-2023;di_vaerlden_2024,sdg-world-03,"",More than 80%,Around 50%,Less than 30%
51,en-US,"In 1950, 0% of all energy consumption came from nuclear energy. What is that number today?",51,88,tele_2;sdg-world-07,sdg-world-07,"",Around 5%,Around 25%,Around 45%
120,en-US,How many cases of smallpox are expected in the world this year?,120,56,sdg-world-03,sdg-world-03,"",Zero cases,One hundred thousand cases,One million cases
1509,en-US,How many adults in the world say they can read?,1509,71,children_education;sdg-world-04,sdg-world-04,"",More than 80%,Around 60%,Less than 40%
1753,en-US,In how many countries was slavery still legal in 1950? (Meaning there was no law or constitution banning the ownership of another person.),1753,80,sdg-world-08,sdg-world-08,"",138,98,58
1516,en-US,"Worldwide, men older than 25 have spent 8.9 years in school, on average. How many years have women of the same age spent in school?",1516,64,2017_gapminder_test;dispelling-common-myths;forum-on-tax-administration-gender-balance-network;reflections-on-leadership-uplifting-decision-making;capgemini_invent,,2017_gapminder_test,8.4 years,5.4 years,2.4 years
103,en-US,How many people in the world say they have confidence in their local police?,103,76,sdg-world-16,sdg-world-16,"",More than 50%,Around 25%,Less than 15%
104,en-US,Which group of countries sent the most troops on UN peacekeeping missions during the past 5 years?,104,84,sdg-world-16;science4peace;inmp_conference;sustainable_societies,sdg-world-16,"","Ethiopia, Rwanda, Bangladesh, India, Nepal","Germany, Sweden, Netherlands, Ireland","France, USA, Japan, S Korea, Switzerland, UK"
118,en-US,"In the last 20 years, the proportion of people living in extreme poverty has...",118,89,2017_gapminder_test;sdg-world-01;dispelling-common-myths;inmp_conference;kings-college;flip-your-worldview;reflections-on-leadership-uplifting-decision-making;ekn;norad;erste_europeanforumalpbach,sdg-world-01,2017_gapminder_test,More than halved,Remained more or less the same,Almost doubled
33,en-US,How many of the world's 1-year-old children were vaccinated against some disease in 2022?,33,70,2017_gapminder_test;postcode_lottery_group;dispelling-common-myths;sdg-world-03;project_rosling;health_medical_research;ipc_event;global_communications_development_network;reflections-on-leadership-uplifting-decision-making;atomico;unfccc_event;sscf;deloitte;as;sopra-steria,sdg-world-03,2017_gapminder_test,More than 85%,Around 55%,Less than 25%
89,en-US,What happened to the annual number of oil spills from tankers worldwide since the 1970s?,89,63,sdg-world-14,sdg-world-14,"",Decreased tenfold,Stayed about the same,Increased tenfold
91,en-US,"Globally, people eat an average of 6kg of beef and veal a year. How much fish is consumed on average per person?",91,81,sdg-world-14,sdg-world-14,"",Around 10kg,Around 6kg,Around 3kg
92,en-US,"Since 2016, what has happened to the share of marine protected areas in national waters worldwide?",92,82,sdg-world-14,sdg-world-14,"",Increased by about 75%,Stayed about the same,Decreased by about 75%
1768,en-US,"In how many countries did the murder rate decrease between 2010 and 2021? (There are 195 countries.)
",1768,86,sdg-world-16,sdg-world-16,"",More than 85,Around 50,Fewer than 15
1708,en-US,"Between 2012, and 2022, what happened to the number of people killed by terrorists?",1708,63,sdg-world-16,sdg-world-16,"",25% decrease,About the same,25% increase
1699,en-US,"In the year 2000 there were 92 journalists in prison, worldwide. How many were there in 2022?",1699,85,sdg-world-16,sdg-world-16,"",Around 360,Around 260,About the same
1600,en-US,"What share of all recorded homicides in the world are related to gangs and organized crime?
",1600,70,sdg-world-16,sdg-world-16,"",Around 20%,Around 40%,Around 60%
1633,en-US,"70% of Europeans said they were planning to switch to a more environmentally friendly energy provider to fight climate change, in 2020. What was this number in China?",1633,87,chn;roi;if-ambassadors-hub-bangalore;7th-european-ministerial-conference-on-environment-and-health;if_ingka_leiden;hotel_staff_in_mysore;ikea_amsterdam_2023;egnglobal;tele_2;sdg-world-13;if-ambassadors-hub-krakow;lithuanian_journalism_centre;sdg-world-07,sdg-world-13,"",94%,64%,34%
1765,en-US,"Compared to the year 2000, how many species of animals, plants and fungi have been assessed in the wild and given a conservation status?",1765,93,sdg-world-15,sdg-world-15,"",700% more,70% more,7% more
55,en-US,"Compared to 1980, the cost of energy from solar panels today is roughly:",55,79,urban-life;tele_2;our_planet;ikea_foundation_and_ingka;sdg-world-07,sdg-world-07,"",1% of the 1980 cost,21% of the 1980 cost,41% of the 1980 cost
1669,en-US,"Out of 195 countries, how many have banned gasoline containing lead?",1669,71,sdg-world-12,sdg-world-12,"",195 countries,135 countries,75 countries
1580,en-US,"Of all children (5-17 years old) in the world, how many are exploited for child labor?",1580,70,sdg-world-08,sdg-world-08,"",Around 10%,Around 30%,Around 50%
1726,en-US,"Between 2001 and today, how many countries progressed from low-income to middle-income status?
",1726,92,ikea_foundation_and_ingka_group_invite_you_to_test_your_knowledge;ikea_foundation_board_meeting_leiden_2023;sdg-world-08,sdg-world-08,"",More than 30,Around 15,Fewer than 5
1666_text,,,1666,54,sdg-world-13;ikea_foundation_and_ingka_group_invite_you_to_test_your_knowledge;ikea_foundation_board_meeting_leiden_2023,sdg-world-13,"",C,B,A
1591_text,,,1591,69,sdg-world-13,sdg-world-13,"",B,A,C
45,en-US,"Worldwide, how many people living in rural areas use surface water (such as lakes, rivers and streams) as their drinking water?
",45,71,operakallaren_foundation;opera-kaellaren-f-2023;sdg-world-06,sdg-world-06,"",Less than 10%,Around 30%,More than 60%
46,en-US,"Worldwide, how many people have no toilet of any kind, and instead have to use bushes, fields or streets?",46,71,operakallaren_foundation;opera-kaellaren-f-2023;sdg-world-06,sdg-world-06,"",Roughly 10%,Roughly 30%,Roughly 50%
47,en-US,"Of all the freshwater used in the world, how much goes to agriculture?",47,71,operakallaren_foundation;opera-kaellaren-f-2023;sdg-world-06,sdg-world-06,"",Around 70%,Around 50%,Around 30%
48,en-US,"How many countries (out of 195) have at least one desalination plant, removing salt from salt water?",48,84,operakallaren_foundation;sdg-world-06,sdg-world-06,"",180,100,30
49,en-US,How many countries have rules requiring that local communities are included when planning and managing freshwater resources?,49,82,operakallaren_foundation;sdg-world-06,sdg-world-06,"",70%,50%,30%
1576,en-US,"Worldwide, how many people living in rural areas have a toilet that they don't have to share with other households?",1576,81,sdg-world-06,sdg-world-06,"",Around 60%,Around 40%,Around 20%
1577,en-US,How many people in the world have soap and water to wash their hands at home?,1577,66,sdg-world-06,sdg-world-06,"",Around 70%,Around 40%,Around 20%
1626,en-US,"How many people in the world have to make a round trip of more than 30 minutes to collect drinking water?
",1626,89,opera-kaellaren-f-2023;sdg-world-06,sdg-world-06,"",Around 10%,Around 25%,Around 50%
1562,en-US,What share of the world population uses toilets connected to sewers?,1562,63,sdg-world-06,sdg-world-06,"",Around 40%,Around 55%,Around 70%
54,en-US,"Of all renewable energy used in the world today, what share comes from traditional burning of biomass like charcoal, wood and agricultural waste?",54,80,sdg-world-07,sdg-world-07,"",Around 40%,Around 25%,Around 10%
1637,en-US,"What share of all energy used in the world comes from the modern renewable sources (solar, wind, hydro and modern biofuels)?",1637,68,7th-european-ministerial-conference-on-environment-and-health;sdg-world-07,sdg-world-07,"",Less than 10%,Around 20%,Around 35%
1638,en-US,"Of the total cost of electricity worldwide, how much is the transfer from the power station to the user, on average?",1638,65,sdg-world-07,sdg-world-07,"",Around 30%,Around 15%,Less than 1%
1682,en-US,"Since 1970, what happened to the amount of energy consumed per person globally?",1682,63,sdg-world-07,sdg-world-07,"",It increased by around 50%,Stayed more or less the same,It increased by around 250%
1692,en-US,"Compared to 100 years ago, how affordable is electricity in the US today?",1692,75,sdg-world-07,sdg-world-07,"",200 times more affordable,10 times more affordable,About the same
1750,en-US,"In 2000, around 50% of the world's population didn't have modern stoves. Instead they cooked food by burning wood, charcoal or dung. What is the share today? ",1750,67,sdg-world-07,sdg-world-07,"",Around 30%,Around 40%,Around 50%
1522,en-US,Since 1970 the average income in the 40 richest countries more than doubled. The average income in the other countries…?,1522,82,science4peace;sdg-world-08;erste_europeanforumalpbach,sdg-world-08,"",More than doubled,Stayed roughly the same,Declined to half
1578,en-US,"Worldwide, what share of young people (aged 15-24) that work are in informal employment?",1578,85,sdg-world-08,sdg-world-08,"",Around 75%,Around 50%,Around 25%
1587,en-US,"How many young men in the world (aged 15-24) are not engaged in education, employment or training?",1587,84,sdg-world-08,sdg-world-08,"",Around 15%,Around 25%,Around 35%
1643,en-US,"How many people in low-income countries have access to some form of bank account?
",1643,69,sdg-world-08,sdg-world-08,"",Around 40%,Around 25%,Around 15%
1645,en-US,"Around 25% of the economies of high-income countries come from the industry sector (including manufacturing and construction), on average. How much is this in low-income countries?",1645,78,sdg-world-08,sdg-world-08,"",Around 25%,Around 45%,Around 65%
1653,en-US,"Worldwide, how many workers have informal jobs that are not registered with the government (and are not in agriculture)?",1653,73,sdg-world-08;ikea_foundation_week_23,sdg-world-08,"",Around 60%,Around 40%,Around 20%
1681,en-US,What is the average income of small family farms in low-income countries?,1681,50,sdg-world-08,sdg-world-08,"",About $1.50 a day,About $5 a day,About $10 a day
1727,en-US,"Of all money earned in the world, how much comes from work in industry, manufacturing and construction?",1727,82,sdg-world-08,sdg-world-08,"",28%,38%,53%
1754,en-US,"What is the official method for updating the list of countries called ""Developing countries""?",1754,67,sdg-world-08,sdg-world-08,"",There is no procedure,GDP per capita threshold,Voting at the UN General Assembly
61,en-US,Ports in high-income countries handled around 350 million containers in 2020. What was that number for low- and middle-income countries?,61,76,tele_2;sdg-world-09;ekn,sdg-world-09,"",More than 400 million,Around 300 million,Less than 200 million
63,en-US,How many people in the world live within range of a 3G or higher quality mobile network?,63,74,tele_2;atomico;deloitte;as;sdg-world-09;sopra-steria,sdg-world-09,"",Around 90%,Around 65%,Around 40%
1581,en-US,"In 2021, cargo ships worldwide carried 11 billion tons. What share of the cargo was oil, petroleum products, gas and chemicals?",1581,82,sdg-world-09,sdg-world-09,"",Around 30%,Around 40%,Around 50%
1625,en-US,"In 2020, the manufacturing sector contributed how much to the world's economy?
",1625,80,sdg-world-09,sdg-world-09,"",Around 15%,Around 30%,Around 45%
1685,en-US,"Globally, which region has the highest number of mobile money accounts?",1685,91,sdg-world-09,sdg-world-09,"",Sub-Saharan Africa,East Asia and Pacific,Europe and Central Asia
73,en-US,"Of 195 countries, how many have promised to create laws against racism, in accordance with the UN Convention on the Elimination of All Forms of Racial Discrimination?",73,66,sdg-world-10,sdg-world-10,"",180 countries,80 countries,10 countries
74,en-US,What share of the members of the International Monetary Fund (IMF) are low- and middle-income countries?,74,82,sdg-world-10,sdg-world-10,"",Around 70%,Around 45%,Around 20%
75,en-US,"Since it was founded, the International Monetary Fund (IMF) has had 12 managing directors. How many of them were born in Europe?",75,75,sdg-world-10,sdg-world-10,"",12,8,4
1690,en-US,What share of Europe's population are migrants?,1690,71,sdg-world-10,sdg-world-10,"",Around 12%,Around 22%,Around 32%
77,en-US,"How much of the world’s total land surface has some physical infrastructure built on it, like houses or roads (excluding farm land)?",77,70,sdg-world-11,sdg-world-11,"",Less than 5%,Around 15%,More than 25%
78,en-US,"In 2020, there were around 68 cities in Africa with more than 1 million inhabitants. How many cities of this size will there be in Africa in 2030, according to UN experts?",78,72,sdg-world-11;africa;if-ambassadors-hub-bangalore;hotel_staff_in_mysore;if_ingka_leiden;if-ambassadors-hub-krakow,sdg-world-11,"",More than 90,Around 70,Fewer than 60
1582,en-US,How many megacities are there in the whole world (metropolitan areas with more than 10 million inhabitants)?,1582,66,sdg-world-11,sdg-world-11,"",Around 35,Around 23,Around 12
1707,en-US,"If current trends continue, in 2100 the biggest city in the world is expected to be in:",1707,78,sdg-world-11,sdg-world-11,"",Africa,Asia,America
1709,en-US,"When listing the ten most expensive cities to live in the world in 2022, how many were in Europe?",1709,75,sdg-world-11,sdg-world-11,"",4,6,9
81,en-US,How many years did it take between the discovery of ozone depleting substances and the signing of an international agreement to ban them?,81,78,sdg-world-12,sdg-world-12,"",14 years,24 years,34 years
83,en-US,"Globally, how much food is lost between being harvested and sold in stores?
",83,93,kungliga-skogs-och-lantbruksakademin;our_planet;sdg-world-12,sdg-world-12,"",Around 15%,Around 30%,Around 45%
84,en-US,"Of all waste collected from homes, businesses and schools worldwide, how much of the total weight is plastic?",84,92,kungliga-skogs-och-lantbruksakademin;our_planet;sdg-world-12,sdg-world-12,"",Around 12%,Around 42%,Around 72%
1585,en-US,What share of the world’s waste is generated in North America?,1585,94,sdg-world-12,sdg-world-12,"",Around 14%,Around 28%,Around 42%
1586,en-US,"Compared to people in high-income countries, how much waste do people living in middle-income countries generate per person per day?",1586,64,sdg-world-12,sdg-world-12,"",Half the amount of waste,About the same,Double the amount of waste
1628,en-US,"Globally, what share of waste that is collected from households, businesses and streets ends up in managed landfills (not open dump sites)?",1628,72,sdg-world-12,sdg-world-12,"",Around 35%,Around 70%,Around 95%
16,en-US,"After water, which raw material is most used in the world in terms of volume?",16,84,sustainable-development-misconception-study-2020;our_planet;sdg-world-12,sdg-world-12,sustainable-development-misconception-study-2020,Sand,Oil,Wood
1710,en-US,"What share of waste that is collected from households, businesses and streets is food and other green waste (e.g. grass cuttings)?",1710,47,sdg-world-12,sdg-world-12,"",Around 45%,Around 55%,Around 65%
1747,en-US,"Of all greenhouse gases emitted in the world in 2004, around 1% required some kind of carbon tax or fee to be paid. What was the number in 2022?",1747,78,sdg-world-13;sdg-world-12,sdg-world-13,"",Around 23%,Around 13%,Around 3%
1760,en-US,How much raw material does each person in high-income countries use every year compared to those in middle-income countries?,1760,48,sdg-world-12,sdg-world-12,"",60% more,About the same,60% less
1590,en-US,How does water vapor contribute to the greenhouse effect (which keeps the earth’s atmosphere warm)?,1590,67,sdg-world-13,sdg-world-13,"",Water vapor contributes significantly,Water vapor does not contribute,Water vapor is not a greenhouse gas
1592,en-US,"Globally, how much has the average sea level been rising per year over the past 100 years?",1592,71,sdg-world-13,sdg-world-13,"",2mm per year (0.08 inches),20mm per year (0.8 inches),200mm per year (8 inches)
1623,en-US,"Currently, the average temperature on Earth is 15C. What would the average temperature on Earth be without greenhouse gases?
",1623,77,sdg-world-13,sdg-world-13,"",-18C,#ERROR!,#ERROR!
1634,en-US,"70% of Europeans said they were planning to switch to a more environmentally friendly energy provider to fight climate change, in 2020. What was this number in the US?",1634,85,wapo;sdg-world-13;usa;sdg-world-07,sdg-world-13,"",64%,44%,24%
1639,en-US,Which of these gases is NOT a greenhouse gas?,1639,90,sdg-world-13,sdg-world-13,"",Nitrogen gas,Water vapor,Ozone
1649,en-US,When did scientists first start to realize that human activities have the power to influence the climate?,1649,66,sdg-world-13,sdg-world-13,"",Around 1900,Around 1950,Around 1980
1728,en-US,"If we stopped emitting greenhouse gases today, for how long would the sea level continue to rise?
",1728,83,sdg-world-13,sdg-world-13,"","Over 1,000 years",About 100 years,About 10 years
1749,en-US,"If we stopped all carbon emissions (CO2) today, roughly how long would it take before the CO2 concentration in the atmosphere is back to the levels back in 1750?",1749,80,sdg-world-13,sdg-world-13,"",More than 1000 years,About 500 years,Less than 100 years
82,en-US,How many of the world’s 250 richest companies describe climate change as a risk in their annual reports?,82,84,sdg-world-13;global_communications_development_network;our_planet;unfccc_event;ikea_foundation_and_ingka;deloitte;ikea_foundation_week_23;sopra-steria,sdg-world-13,"",About 60%,About 30%,About 10%
1660,en-US,How many of the world’s 250 richest companies have set targets to cut their carbon emissions?,1660,74,sdg-world-13,sdg-world-13,"",About 80%,About 50%,About 20%
1756,en-US,"The people in high income-income countries emit how much CO2 per person, on average, compared to the poorest 50% of the world population?",1756,75,sdg-world-13,sdg-world-13,"",Five times more,20% more,About the same
1759,en-US,"Since 1850, what share of all carbon emissions have come from Europe and North America?",1759,62,sdg-world-13,sdg-world-13,"",Around 50%,Around 75%,Around 90%
1762,en-US,The UN’s scenarios for stopping global warming rely on technologies to capture and store carbon from the atmosphere. How many of these technologies are already affordable and used today?,1762,65,sdg-world-13,sdg-world-13,"",Less than 1%,Around 15%,Around 30%
90,en-US,"Oil and gas were the marine sectors that made the most money in 2010. If trends continue as before, which sector will it be in 2030?",90,80,sdg-world-14,sdg-world-14,"",Tourism,Oil and gas,Wave energy
93,en-US,"How many countries have ratified the Law of the Sea, a UN convention introduced in 1982? (There are 195 countries.)",93,77,sdg-world-14,sdg-world-14,"",169 countries,109 countries,49 countries
1497,en-US,What share of all fish caught for food across the world comes from fish farming?,1497,70,kungliga-skogs-och-lantbruksakademin;sdg-world-14,sdg-world-14,"",Roughly 55%,Roughly 35%,Roughly 10%
1520,en-US,What happened to the total volume of fish caught in the wild every year during the past 20 years?,1520,83,sdg-world-14,sdg-world-14,"",It stayed about the same,It decreased by roughly 30%,It increased by roughly 30%
1712,en-US,"Before countries signed the High Seas Treaty in March 2023, around 1% of international oceans were protected. What number does the new agreement aim to achieve?",1712,81,sdg-world-14,sdg-world-14,"",Around 30%,Around 15%,Around 5%
98,en-US,"When counting the total body weight of all mammals in the world, roughly how much comes from wild mammals?",98,82,sdg-world-15,sdg-world-15,"",Around 5%,Around 25%,Around 50%
99,en-US,What share of all agricultural land worldwide is used for feeding animals?,99,78,kungliga-skogs-och-lantbruksakademin;sdg-world-15,sdg-world-15,"",Roughly 80%,Roughly 50%,Roughly 25%
100,en-US,What happened to the global forest area in the last 30 years?,100,92,kungliga-skogs-och-lantbruksakademin;sdg-world-15,sdg-world-15,"",Decreased around 10%,Decreased around 30%,Decreased around 50%
101,en-US,"Of all the area that was tropical rainforest 100 years ago worldwide, how much is still tropical rainforest today?",101,73,kungliga-skogs-och-lantbruksakademin;deloitte;sdg-world-15,sdg-world-15,"",More than 30%,Around 20%,Less than 10%
1529,en-US,"Worldwide, what happened to the size of the land areas declared as protected in the last 30 years?",1529,81,sdg-world-15,sdg-world-15,"",Increased by 8%,Decreased by 8%,Decreased by 58%
1512,en-US,"Globally, what has happened to the size of the land area used for agriculture over the last 50 years?",1512,88,kungliga-skogs-och-lantbruksakademin;sdg-world-15,sdg-world-15,"",Stayed about the same,Increased by 50%,Decreased by 50%
1583,en-US,How many species of animals and plants are confirmed by biologists to have gone extinct in the last 200 years?,1583,81,sdg-world-15,sdg-world-15,"",Around 600,"Around 60,000","Around 600,000"
1596,en-US,How much of the oxygen that the Amazon forest produces do we humans breathe?,1596,84,sdg-world-15,sdg-world-15,"",Less than 1%,30%,60%
1597,en-US,"Of all oxygen produced in a year, how much comes from trees? ",1597,74,sdg-world-15,sdg-world-15,"",Around 25%,Around 55%,Around 85%
1598,en-US,"Of all the known species of birds worldwide, how many are endangered or threatened?",1598,78,sdg-world-15,sdg-world-15,"",Around 15%,Around 35%,Around 55%
1647,en-US,"What share of the total area burned by wildfires globally was in Africa, between 2001 and 2018?",1647,82,sdg-world-15,sdg-world-15,"",Around 70%,Around 40%,Around 10%
107,en-US,"In 2000, 21% of all countries told the UN they had an independent human rights institution. What is the share today?",107,87,sdg-world-16;sustainable_societies,sdg-world-16,"",62% of countries,41% of countries,23% of countries
102,en-US,What happened to the number of pirate attacks on boats worldwide in the last 10 years?,102,71,sdg-world-16;tele_2,sdg-world-16,"",It halved,It didn’t change much,It doubled
1547,en-US,What share of all battle deaths in the past 10 years occurred in Africa?,1547,83,sdg-world-16;africa;inmp_conference,sdg-world-16,"",Around 15%,Around 35%,Around 55%
1507_text,,,1507,93,sustainable_societies;wapo;global_communications_development_network;sdg-world-16;unfccc_event,sdg-world-16,"",C,B,A
1599,en-US,"What share of the world's population is suspected, arrested or cautioned by the police or criminal justice systems each year?",1599,78,sdg-world-16,sdg-world-16,"",Around 2%,Around 20%,Around 40%
1610,en-US,"Across the world, what share of international migrants are women and girls?",1610,62,sdg-world-16;inmp_conference;capgemini_invent,sdg-world-16,"",Roughly 48%,Roughly 33%,Roughly 18%
1621,en-US,The 15 countries where most people say they trust others are:,1621,84,sdg-world-16;inmp_conference,sdg-world-16,"",High-income countries,Middle-income countries,Low-income countries
1629,en-US,Roughly 35 countries every year experienced some sort of violent conflict during the past 5 years. What was the average number during the 1950s?,1629,60,sdg-world-16;inmp_conference,sdg-world-16,"",Around 15 countries,Around 30 countries,Around 60 countries
1635,en-US,"When the Open Skies Treaty (which allows members to conduct observation flights over each others' land) began in 2002, 34 countries were members. How many are there today?",1635,60,sdg-world-16,sdg-world-16,"",32,42,62
1618,en-US,"Between 2011 and 2022, how many times did the US and Russia share information with each other about their nuclear weapons?",1618,82,sdg-world-16;wapo;inmp_conference,sdg-world-16,"",25 thousand times,25 times,Zero times
1568,en-US,"Of all firearms in the world, what share is owned by civilians? ",1568,78,sdg-world-16;inmp_conference,sdg-world-16,"",Roughly 85%,Roughly 55%,Roughly 25%
1702,en-US,"Worldwide, how many homicide victims are men?",1702,67,sdg-world-16,sdg-world-16,"",Around 80%,Around 60%,Around 40%
1724,en-US,"Of all the journalists in prison globally at the end of 2017, around 20% were in Russia, China, Iran, Myanmar and Belarus combined. What was this figure in 2022?
",1724,76,sdg-world-16,sdg-world-16,"",Around 53%,Around 38%,Around 23%
112,en-US,What share of the least developed countries in the world have foreign investment promotion agencies?,112,70,sdg-world-17,sdg-world-17,"",80%,50%,20%
110,en-US,"Of all education costs in the world, how much is paid by governments?",110,83,sdg-world-17,sdg-world-17,"",Around 80%,Around 60%,Around 40%
108,en-US,"In high-income countries during the past 40 years, what happened to the top marginal income taxes that apply to the richest 0.1% of the population?",108,72,sdg-world-17,sdg-world-17,"",They were cut by one third,They stayed roughly the same,They increased by one third
1624,en-US,"Compared to the total international aid from rich governments in 2022, how much money did migrants across the world transfer back home to their countries of origin?
",1624,86,sdg-world-17,sdg-world-17,"",More than 200% of total aid,Around 30% of total aid,Less than 10% of total aid
1648,en-US,What share of the members of the World Trade Organization are low- and middle-income countries?,1648,71,sdg-world-17;ekn,sdg-world-17,"",Around 65%,Around 45%,Around 25%
1651,en-US,Which free trade area includes the most countries?,1651,75,sdg-world-17;ekn,sdg-world-17,"",African Continental Free Trade Area,The European Union,North Atlantic Free Trade Agreement (NAFTA)
1687,en-US,The US has 4% of the world's population. What share of votes does it have when the World Bank decides on development loans to poorer countries?,1687,69,sdg-world-17,sdg-world-17,"",16%,36%,56%
1705,en-US,Charities and governments across the world give money to the least developed countries. When comparing the total amounts given…,1705,71,sdg-world-17,sdg-world-17,"",Governments give 20 times more,They give roughly the same,Charities give 20 times more
1616,en-US,How much of the economy of low-income countries comes from money transferred from citizens living abroad?,1616,85,sdg-world-17,sdg-world-17,"",Roughly 6%,Roughly 26%,Roughly 46%
39,en-US,How many child refugees attended primary school in 2021?,39,86,children_education;sdg-world-04;refugees,sdg-world-04,refugees,More than 60%,Around 40%,Less than 20%
1594,en-US,"At the end of 2022, the world population was roughly 8 billion people. How many were international refugees, asylum seekers or displaced abroad by humanitarian crises?",1594,59,world-refugee-day-2023;ikea_foundation_and_ingka;ikea_foundation_week_23;refugees,,refugees,46 million (0.6%),480 million (6%),720 million (9%)
1662,en-US,"In 2018, what share of refugee-hosting countries allowed refugees the right to work?",1662,95,refugees,,refugees,Around 45%,Around 30%,Around 10%
1670,en-US,"In 2022, around 10% of the world's population live in low-income countries. What share of the global refugee population live there?",1670,76,refugees,,refugees,Less than 20%,Around 35%,More than 50%
1673,en-US,"In 2000, around 20% of all refugees worldwide fled to a high-income country. What was the number in 2021 (right before the war in Ukraine)?",1673,81,world-refugee-day-2023;refugees,,refugees,Around 20%,Around 30%,Around 40%
1674,en-US,"In Uganda, Bangladesh, Colombia, and Türkiye, there were a total of 0.4 million refugees and migrants from humanitarian crises in 2010. What was the number in 2022?",1674,78,world-refugee-day-2023;refugees,,refugees,Around 9 million,Around 5 million,Around 1 million
1675,en-US,"Of all Syrian refugees in Egypt, Lebanon, Jordan and Iraq in 2022, how many said they couldn't afford their basic needs, such as food, medicine and housing?",1675,78,world-refugee-day-2023;refugees,,refugees,Around 90%,Around 60%,Around 30%
1677,en-US,"In 1990, people and governments gave $1.3 billion to UNHCR to help refugees across the world. How much was given in 2022? (UNHCR is the United Nations Refugee Agency. The amounts are adjusted for inflation.) ",1677,78,world-refugee-day-2023;refugees,,refugees,5 times more,2 times more,Slightly less
1723,en-US,"Where do the majority of people who are forced to flee their homes due to conflict, persecution or disaster move to?
",1723,94,refugees,,refugees,Stay within their own country,Neighboring countries,High-income countries
1515,en-US,What is the life expectancy of the world population?,1515,52,2017_gapminder_test,,2017_gapminder_test,70 years,60 years,50 years
1514,en-US,Where does the majority of the world population live?,1514,76,2017_gapminder_test,,2017_gapminder_test,Middle-income countries,Low-income countries,High-income countries
1518,en-US,"Tigers, Giant Pandas and Mountain Gorillas were listed as threatened species in 1996. Since then, have any of these species become more critically endangered?",1518,89,2017_gapminder_test,,2017_gapminder_test,None of them,One of them,Two of them
1519,en-US,"The global climate experts believe that, over the next 100 years, the average temperature will:",1519,20,2017_gapminder_test;unfccc_event,,2017_gapminder_test,Get warmer,Remain the same,Get colder
1601,en-US,"If all kinds of cancer could be cured, how much longer would lives be on average worldwide?",1601,79,sdg-world-03;cell_talks;vinnova_meeting_2023;wapo;svt;nordstjernan-2023;sscf;nos_nieuws;sines_portugal,sdg-world-03,"",Around 3.5 years longer,Around 11.5 years longer,Around 19.5 years longer
1546,en-US,What share of all overweight children under 5 in the world live in Africa?,1546,82,africa;novo_nordisk;nordstjernan-2023,,"",Around 25%,Around 15%,Around 5%
1525,en-US,Eighty percent of all men in the world were in the labor force in 2019. What was the number for women?,1525,64,capgemini_invent;sdg-world-08,sdg-world-08,"",52%,62%,72%
35,en-US,How many university students worldwide get their degree in their home country (as opposed to abroad)?,35,76,sdg-world-04,sdg-world-04,"",Around 97%,Around 87%,Around 77%
36,en-US,"Of all primary school teachers in low-income countries, how many are trained?",36,90,children_education;sdg-world-04,sdg-world-04,"",70%,50%,30%
38,en-US,"Across the world, how many children go to some form of preschool the year before they start school? ",38,73,children_education;sdg-world-04,sdg-world-04,"",Around 60%,Around 40%,Around 20%
1575,en-US,"Of all children in the world who are of primary school age but don't go to school, how many are girls?",1575,75,forum-on-tax-administration-gender-balance-network;sdg-world-04,sdg-world-04,"",Around 55%,Around 65%,Around 75%
1579,en-US,"Globally, how many primary school teachers are not trained for the job?",1579,74,sdg-world-04,sdg-world-04,"",Around 15%,Around 35%,Around 55%
1561,en-US,"In 1950, roughly 50% of all adults had at least some basic education. What is the share today?",1561,67,sdg-world-04,sdg-world-04,"",Around 80%,Around 60%,Around 40%
1612,en-US,How many primary schools in Sub-Saharan Africa have some access to electricity?,1612,89,sdg-world-04,sdg-world-04,"",Around 30%,Around 20%,Around 10%
1711,en-US,What share of university teachers in the world are women?,1711,79,sdg-world-04;capgemini_invent,sdg-world-04,"",Around 40%,Around 30%,Around 20%
34,en-US,"Worldwide, there are around 38 million people living with HIV. How many of them got anti-HIV drugs in 2021?",34,85,health_medical_research;sdg-world-03;ipc_event,sdg-world-03,"",More than 50%,Roughly 30%,Less than 15%
1573,en-US,In what share of all schools in the world do children have soap and water to wash their hands with?,1573,67,sdg-world-03,sdg-world-03,"",Around 55%,Around 85%,Around 25%
119,en-US,"In 1990, more than 4 million people died from indoor pollution. What has happened to the number who die each year since?",119,87,sdg-world-03,sdg-world-03,"",It decreased more than 30%,It stayed about the same,It increased more than 30%
95,en-US,"In 1990, around 9% of children worldwide died before age five. What is the number today?",95,67,7th-european-ministerial-conference-on-environment-and-health;sdg-world-03,sdg-world-03,"",Around 4%,Around 9%,Around 14%
94,en-US,"The average length of life worldwide is roughly 72, today. What was the global life expectancy a hundred years ago?",94,77,cell_talks;7th-european-ministerial-conference-on-environment-and-health;sdg-world-03;sines_portugal,sdg-world-03,"",37 years,47 years,57 years
1605,en-US,How many children in Europe (including Russia and Türkiye) receive the full two doses of the measles vaccine?,1605,88,sdg-world-03,sdg-world-03,"",Around 90%,Around 60%,Around 30%
1548,en-US,How many children aged under 5 in Sub-Saharan Africa sleep under a bed net to prevent malaria?,1548,80,africa;sdg-world-03;sdg-world-06,sdg-world-03,"",Around 50%,Around 35%,Around 25%
113,en-US,"What share of the world’s population today live in countries where life expectancy is shorter than 50 years (in 1960, it was around 55%)?",113,76,sdg-world-03;kings-college;cell_talks;flip-your-worldview;sines_portugal;norad,sdg-world-03,"",Less than 1%,Around 30%,Around 60%
1641,en-US,What is the average life expectancy in Sub-Saharan Africa? ,1641,88,sdg-world-03,sdg-world-03,"",Around 60 years,Around 50 years,Around 40 years
1655,en-US,"Worldwide, what share of all deaths are directly caused by illegal drug use?",1655,78,sdg-world-03,sdg-world-03,"",Less than 1%,Around 10%,More than 20%
1656,en-US,"Of all pregnant women in the world, how many give birth without first being examined by an educated midwife, nurse or doctor?",1656,88,sdg-world-03,sdg-world-03,"",Around 15%,Around 35%,Around 55%
1683,en-US,What share of all road fatalities globally occur in low- and middle-income countries?,1683,69,sdg-world-03,sdg-world-03,"",Around 90%,Around 70%,Around 50%
1560,en-US,How many babies in the world are born in health facilities?,1560,84,sdg-world-03,sdg-world-03,"",Around 80%,Around 60%,Around 40%
1688,en-US,What share of adults worldwide used drugs in 2020 (other than alcohol or medicine)?,1688,73,sdg-world-03,sdg-world-03,"",Around 5%,Around 25%,Around 50%
1570,en-US,Which of these risk factors leads to more deaths?,1570,80,sdg-world-03,sdg-world-03,"",Polluted air,Contaminated food,Dirty water
1703,en-US,How many countries (out of 194) participate in some of the World Health Organization’s programmes for child vaccination?,1703,89,sdg-world-03,sdg-world-03,"",194,114,64
30,en-US,The low-income countries of today had a life expectancy of 44 years back in 1970. What is it now?,30,86,health_medical_research;science4peace;sdg-world-03;ipc_event,sdg-world-03,"",60 years,50 years,40 years
1686,en-US,"Governments sometimes sell land to foreign companies. Since 2009, the total reported number of hectares sold annually worldwide has:",1686,92,sdg-world-01,sdg-world-01,"",Dropped to less than half,Stayed about the same,Doubled
1725,en-US,"Globally, a person with less than $2.15 a day is said to be living in extreme poverty. In the 40 richest countries, the national poverty lines are roughly:
",1725,49,sdg-world-01,sdg-world-01,"",$20 a day,$10 a day,$5 a day
1556,en-US,"Worldwide, how many people living in rural areas have some access to electricity?",1556,73,sdg-world-01,sdg-world-01,"",More than 70%,About 50%,Less than 30%
1530,en-US,"Of all people in the world living in extreme poverty, with less than $2 a day, how many live in middle-income countries?",1530,76,sdg-world-01,sdg-world-01,"",Around 60%,Around 30%,Around 15%
24,en-US,How many people in the world cook using stoves that don't produce smoke?,24,77,sdg-world-01,sdg-world-01,"",Around 70%,Around 45%,Around 20%
22,en-US,How many countries (of 195) have some form of social security benefits for people with disabilities?,22,95,sdg-world-01,sdg-world-01,"",186,116,46
1527,en-US,"During the last 70 years, there were roughly 135 armed conflicts between sovereign countries. What was the number in the 70 years before that?",1527,75,sdg-world-16;science4peace,sdg-world-16,"",More than 180,Around 130,Fewer than 80
1501_text,,,1501,65,sdg-world-un-goals;e_on_digital_empowerment;postkodstiftelsen;sdg-world-17,sdg-world-17,sdg-world-un-goals,B,C,A
1744,en-US,"In 1990, around 17% of all electricity produced worldwide came from nuclear energy. What is that number today?",1744,67,sdg-world-07,sdg-world-07,"",10%,25%,40%
1743,en-US,"In the year 2000, more than 20% of the world's population did not have any access to electricity. What is the share today?",1743,74,sdg-world-07,sdg-world-07,"",Around 10%,Around 20%,Around 30%
1742,en-US,"In the poorest 25 countries, how many more children die among the poorest 20% of the population, compared to the richest 20%?",1742,80,sdg-world-10,sdg-world-10,"",Around 5 times more,Around 30 times more,Around 60 times more
1739,en-US,"In 2010, 1.1 billion people did not have access to electricity. What has happened to this number since then?",1739,70,sdg-world-07,sdg-world-07,"",It decreased by 30%,It stayed the same,It increased by 30%
1554,en-US,"How many companies globally are partially owned by women?
",1554,92,sdg-world-05;capgemini_invent,sdg-world-05,"",Around 30%,Around 15%,Around 5%
1698,en-US,"In the European Union, for every 100,000 babies that are born, around six women die during pregnancy, while giving birth or shortly after. What is this figure in the United States?",1698,82,capgemini_invent;sdg-world-03;usa,sdg-world-03,"",Over three times more,Double,About the same
1704,en-US,NATO members committed to spend a minimum share of their countries’ total incomes (GDP) each year on defense. What is that figure?,1704,74,sdg-world-16,sdg-world-16,"",2%,8%,22%
1700,en-US,Graphite is used in electric-vehicle batteries and dysprosium is used in electric-vehicle motors. What share of those materials is processed in China? ,1700,84,sdg-world-12,sdg-world-12,"",Close to 100%,Around 65%,Around 25%
1714,en-US,Child mortality in Latin America today is at the same level it was in the United States in what year?,1714,68,latinamerica,,"",1980,1940,1900
1713,en-US,"Between 1990 and 2022 the average income in the U.S increased 60%, adjusted for inflation. What happened to the average income in Latin America?
",1713,78,latinamerica,,"",Increased 55%,Increased 5%,Decreased 15%
1588,en-US,How many of the world's 250 largest companies (by revenue) are now reporting on sustainability each year?,1588,79,sdg-world-12,sdg-world-12,"",Around 95%,Around 65%,Around 35%
1671,en-US,"In the next 30 years, UN experts expect the world’s urban population to grow to 6.7 billion people. What do they think will happen to the rural population in that period?",1671,64,sdg-world-11,sdg-world-11,"",It will decrease around 10%,It will stay about the same,It will increase around 10%
1701,en-US,Which of the following options cause most deaths in Latin America and the Caribbean?,1701,79,latinamerica,,"",Heart Disease & Strokes,Diabetes and Undernourishment,Drugs and Violence
1614,en-US,"In the year 2000, the exports from high-income countries were worth 4 times more than those from all other countries combined. What was that figure in 2022?",1614,67,sdg-world-09;ekn,sdg-world-09,"",High-income export around 2 times more,High-income export around 20 times more,High-income export around 40 times more
1679,en-US,"Worldwide, between 2000 and 2010, there were 140 journalists in prison each year on average. How many were there in 2022?
",1679,83,sdg-world-16;svt,sdg-world-16,"",150% more,50% more,About the same
1615,en-US,What share of people in low-income countries live in extreme poverty (with less than $2 a day)?,1615,79,sdg-world-01,sdg-world-01,"",Around 50%,Around 70%,Around 90%
1602,en-US,What happened to the suicide rate in the European Union between 1999 and 2019?,1602,91,sdg-world-03,sdg-world-03,"",Decreased by 25%,Stayed about the same,Increased by 25%
1609,en-US,Which of these represent the largest flow of money to Africa? ,1609,78,sdg-world-10,sdg-world-10,"",Remittance transfers from Africans abroad,Development Aid from foreign governments,Direct Investment by foreign companies
1606,en-US,How many 15-year-old boys drink alcohol weekly in Europe (including Russia and Türkiye)?,1606,79,7th-european-ministerial-conference-on-environment-and-health,,"",Around 15%,Around 30%,Around 45%
1540,en-US,"In 2019, how many people worldwide died from infections that were resistant to antibiotics?",1540,66,sdg-world-03;ipc_event,sdg-world-03,"",More than 1 million deaths,Around 100 thousand deaths,Around 10 thousand deaths
1572,en-US,"Of all children born in low-income countries in 1990, about 18% died before their 5th birthday. What is the number today?",1572,72,sdg-world-03,sdg-world-03,"",Less than 10%,Around 20%,More than 30%
1569,en-US,"Worldwide, how many children under 5 are dangerously underweight because of lack of food or serious illness?",1569,74,sdg-world-02,sdg-world-02,"",Around 8%,Around 28%,Around 48%
1564,en-US,"In the year 1800, 98% of all energy consumption came from traditional biofuels (such as burning wood and agricultural waste biomass). What is the share today?",1564,66,sdg-world-07,sdg-world-07,"",Less than 10%,Around 25%,More than 50%
1565,en-US,"During the past 120 years, roughly 20% of all violent activist campaigns worldwide succeeded in achieving some regime change. What share of non-violent campaigns succeed?",1565,78,sdg-world-16,sdg-world-16,"",Around 50%,Around 25%,Around 5%
1566,en-US,"Of all money used by governments in rich countries, how much is given as international aid to poorer countries?",1566,42,sdg-world-17,sdg-world-17,"",Around 0.5%,Around 2.5%,Around 6.5%
1559,en-US,"Between 2013 and 2020, the amount of methamphetamine (an illegal drug) that was seized by customs worldwide…",1559,51,sdg-world-03,sdg-world-03,"",More than tripled,Almost doubled,Remained about the same
1557,en-US,In what share of all countries is homosexuality legal?,1557,90,sdg-world-16,sdg-world-16,"",Around 65%,Around 45%,Around 25%
1508,en-US,"Globally, how many people suffer from depression, according to the World Health Organization?",1508,84,health_medical_research;postcode_lottery_group;sdg-world-03,sdg-world-03,"",Around 5%,Around 25%,Around 45%
1555,en-US,"Roughly how much is the minimum wage for a day’s work across the USA, Canada, Australia, New Zealand and the European Union, on average?",1555,76,sdg-world-08,sdg-world-08,"",Around $60 a day,Around $30 a day,Around $15 a day
1551,en-US,"In 1970, 30% of all energy used in the world came from burning coal. What happened to that share since then?",1551,74,sdg-world-07,sdg-world-07,"",It stayed about the same,It almost halved,It almost doubled
1552,en-US,42% of all university teachers in high-income countries are women. What is the share in middle-income countries?,1552,80,sdg-world-04,sdg-world-04,"",45%,30%,15%
1549,en-US,"Worldwide, 22% of children are much shorter than average because they’ve had too little food sometime during their first five years of life. What is that number in Sub-Saharan Africa?",1549,74,africa,,"",32%,52%,72%
1544,en-US,What share of the population in towns and cities in Sub-Saharan Africa have some access to electricity?,1544,79,africa,,"",Around 75%,Around 50%,Around 25%
1541,en-US,"What would it cost to install clean water and sanitation in all healthcare facilities in the 46 poorest countries, expressed as % of total international aid in 2020:",1541,75,sdg-world-06;ipc_event,sdg-world-06,"",Around 5%,Around 55%,Around 105%
1539,en-US,"In low-income countries, around 45% of all deaths are caused by infections. What is the number in high-income countries?",1539,65,sdg-world-03;ipc_event,sdg-world-03,"",Around 5%,Around 15%,Around 35%
