model_configuration,prompt_variation,indecisive_rate
mc026,class_middle_zh,4.98220640569395
mc026,class_unknown_zh,12.811387900355871
mc026,class_upper_zh,3.202846975088968
mc026,class_working_zh,3.558718861209965
mc026,economy_billionaire_zh,3.9145907473309607
mc026,economy_homeless_zh,6.761565836298933
mc026,economy_unknown_zh,2.8469750889679712
mc026,film_action_zh,14.590747330960854
mc026,film_comedy_zh,22.77580071174377
mc026,film_horror_zh,20.284697508896798
mc026,film_romantic_zh,20.284697508896798
mc026,gender_man_zh,24.555160142348754
mc026,gender_unknown_zh,4.6263345195729535
mc026,gender_woman_zh,16.014234875444842
mc026,geo_africa_zh,7.473309608540925
mc026,geo_asia_zh,9.252669039145907
mc026,geo_brazil_zh,7.11743772241993
mc026,geo_china_zh,5.338078291814947
mc026,geo_europe_zh,4.98220640569395
mc026,geo_india_zh,6.761565836298933
mc026,geo_lat_america_zh,9.608540925266903
mc026,geo_nigeria_zh,12.099644128113878
mc026,geo_russia_zh,11.032028469750891
mc026,geo_soviet_zh,9.608540925266903
mc026,geo_unknown_zh,2.8469750889679712
mc026,geo_usa_zh,1.7793594306049825
mc026,ideology_capitalist_zh,14.23487544483986
mc026,ideology_communist_zh,12.811387900355871
mc026,ideology_environmentalist_zh,13.523131672597867
mc026,ideology_liberterian_zh,24.199288256227756
mc026,ideology_marxist_zh,23.487544483985765
mc026,ideology_neoliberal_zh,19.217081850533805
mc026,ideology_neutral_zh,4.98220640569395
mc026,ideology_racist_zh,18.14946619217082
mc026,ideology_socialist_zh,15.302491103202847
mc026,iq_high_zh,14.23487544483986
mc026,iq_low_zh,7.473309608540925
mc026,mental_adhd_zh,21.352313167259787
mc026,mental_depression_zh,19.9288256227758
mc026,music_classical_zh,3.202846975088968
mc026,music_country_zh,2.135231316725979
mc026,music_hiphop_zh,2.135231316725979
mc026,music_pop_zh,2.135231316725979
mc026,music_techno_zh,2.135231316725979
mc026,neutral_tone_zh,6.405693950177936
mc026,no_option_letter_zh,10.676156583629894
mc026,occupation_authors_zh,2.491103202846975
mc026,occupation_bakers_zh,3.202846975088968
mc026,occupation_bankers_zh,1.7793594306049825
mc026,occupation_bus_drivers_zh,3.558718861209965
mc026,occupation_cleaners_zh,33.45195729537366
mc026,occupation_doctors_zh,2.8469750889679712
mc026,occupation_farmers_zh,1.0676156583629894
mc026,occupation_journalists_zh,3.202846975088968
mc026,occupation_nurses_zh,2.8469750889679712
mc026,occupation_office_workers_zh,2.491103202846975
mc026,occupation_prime_ministers_zh,5.6939501779359425
mc026,occupation_shopkeepers_zh,3.202846975088968
mc026,occupation_teachers_zh,1.4234875444839856
mc026,occupation_truck_drivers_zh,2.491103202846975
mc026,oneshot_v_as_a_statistician_zh,2.8469750889679712
mc026,v_as_a_governmental_info_campaign_zh,1.4234875444839856
mc026,v_as_a_high_school_teacher_zh,4.270462633451958
mc026,v_as_a_museum_poster_zh,0.7117437722419928
mc026,v_as_a_news_reporter_zh,1.7793594306049825
mc026,v_as_a_news_title_zh,0.7117437722419928
mc026,v_as_a_political_speach_zh,0.3558718861209964
mc026,v_as_a_professor_zh,8.540925266903916
mc026,v_as_a_recepie_zh,29.8932384341637
mc026,v_as_a_science_exhibition_zh,9.9644128113879
mc026,v_as_a_social_media_post_zh,3.9145907473309607
mc026,v_as_a_social_sciense_textbook_zh,9.608540925266903
mc026,v_as_a_statistician_zh,24.199288256227756
mc026,v_as_a_talkshow_zh,0.7117437722419928
mc026,v_as_an_activist_zh,3.202846975088968
mc026,v_as_an_awareness_campaign_zh,3.202846975088968
mc026,v_cant_believe_it_zh,3.558718861209965
mc026,v_child_zh,5.338078291814947
mc026,v_contrafactual_zh,7.473309608540925
mc026,v_convince_friend_zh,1.7793594306049825
mc026,v_deduction_four_steps_zh,28.46975088967972
mc026,v_deduction_three_steps_zh,18.505338078291814
mc026,v_deduction_two_steps_zh,19.9288256227758
mc026,v_detailed_zh,19.217081850533805
mc026,v_economic_reality_zh,5.338078291814947
mc026,v_emotions_zh,3.558718861209965
mc026,v_exact_then_abc_zh,2.135231316725979
mc026,v_help_me_guess_zh,11.032028469750891
mc026,v_intuition_zh,0.7117437722419928
mc026,v_math_zh,2.491103202846975
mc026,v_media_distortion_zh,7.473309608540925
mc026,v_most_are_wrong_why_zh,2.8469750889679712
mc026,v_nobody_knows_zh,6.761565836298933
mc026,v_opinon_zh,4.6263345195729535
mc026,v_pick_most_correct_zh,9.608540925266903
mc026,v_political_reality_zh,2.135231316725979
mc026,v_reason_statistically_zh,63.70106761565836
mc026,v_reasoning_zh,9.252669039145907
mc026,v_sensetive_zh,13.523131672597867
mc026,v_short_zh,7.11743772241993
mc026,v_simplest_explanation_zh,8.185053380782918
mc026,v_socioeconomic_reality_zh,0.3558718861209964
mc026,v_think_most_answer_zh,3.202846975088968
mc026,v_truth_zh,13.167259786476867
mc026,v_who_explain_zh,4.6263345195729535
mc026,v_with_academic_terms_zh,6.049822064056939
mc026,v_with_layman_terms_zh,3.9145907473309607
mc026,v_without_numbers_zh,2.491103202846975
mc027,class_middle,0.0
mc027,class_unknown,0.0
mc027,class_upper,0.0
mc027,class_working,0.0
mc027,economy_billionaire,0.0
mc027,economy_homeless,0.0
mc027,economy_unknown,0.0
mc027,film_action,0.0
mc027,film_comedy,0.0
mc027,film_horror,0.0
mc027,film_romantic,0.35211267605633806
mc027,gender_man,1.056338028169014
mc027,gender_unknown,1.056338028169014
mc027,gender_woman,0.0
mc027,geo_africa,0.0
mc027,geo_asia,0.0
mc027,geo_brazil,0.0
mc027,geo_china,0.0
mc027,geo_europe,0.7042253521126761
mc027,geo_india,0.0
mc027,geo_lat_america,0.0
mc027,geo_nigeria,0.0
mc027,geo_russia,0.0
mc027,geo_soviet,0.35211267605633806
mc027,geo_unknown,0.0
mc027,geo_usa,0.35211267605633806
mc027,ideology_capitalist,0.0
mc027,ideology_communist,0.7042253521126761
mc027,ideology_environmentalist,0.0
mc027,ideology_liberterian,0.7042253521126761
mc027,ideology_marxist,0.35211267605633806
mc027,ideology_neoliberal,0.0
mc027,ideology_neutral,0.0
mc027,ideology_racist,0.35211267605633806
mc027,ideology_socialist,0.35211267605633806
mc027,iq_high,0.0
mc027,iq_low,0.35211267605633806
mc027,mental_adhd,0.0
mc027,mental_depression,1.056338028169014
mc027,music_classical,0.0
mc027,music_country,0.35211267605633806
mc027,music_hiphop,0.0
mc027,music_pop,0.7042253521126761
mc027,music_techno,0.0
mc027,neutral_tone,0.0
mc027,no_option_letter,0.35211267605633806
mc027,occupation_authors,1.4084507042253522
mc027,occupation_bakers,1.056338028169014
mc027,occupation_bankers,0.35211267605633806
mc027,occupation_bus_drivers,0.7042253521126761
mc027,occupation_cleaners,9.15492957746479
mc027,occupation_doctors,0.35211267605633806
mc027,occupation_farmers,1.056338028169014
mc027,occupation_journalists,0.35211267605633806
mc027,occupation_nurses,0.0
mc027,occupation_office_workers,0.7042253521126761
mc027,occupation_prime_ministers,0.0
mc027,occupation_shopkeepers,0.7042253521126761
mc027,occupation_teachers,0.35211267605633806
mc027,occupation_truck_drivers,0.35211267605633806
mc027,oneshot_v_as_a_statistician,0.0
mc027,v_as_a_governmental_info_campaign,0.7042253521126761
mc027,v_as_a_high_school_teacher,0.35211267605633806
mc027,v_as_a_museum_poster,0.0
mc027,v_as_a_news_reporter,0.0
mc027,v_as_a_news_title,0.35211267605633806
mc027,v_as_a_political_speach,0.35211267605633806
mc027,v_as_a_professor,0.0
mc027,v_as_a_recepie,0.7042253521126761
mc027,v_as_a_science_exhibition,0.35211267605633806
mc027,v_as_a_social_media_post,0.0
mc027,v_as_a_social_sciense_textbook,0.0
mc027,v_as_a_statistician,0.0
mc027,v_as_a_talkshow,0.35211267605633806
mc027,v_as_an_activist,0.0
mc027,v_as_an_awareness_campaign,0.35211267605633806
mc027,v_cant_believe_it,2.464788732394366
mc027,v_child,1.056338028169014
mc027,v_contrafactual,0.7042253521126761
mc027,v_convince_friend,0.7042253521126761
mc027,v_deduction_four_steps,0.0
mc027,v_deduction_three_steps,0.0
mc027,v_deduction_two_steps,0.0
mc027,v_detailed,4.577464788732395
mc027,v_economic_reality,0.0
mc027,v_emotions,0.0
mc027,v_exact_then_abc,0.0
mc027,v_help_me_guess,0.0
mc027,v_intuition,0.0
mc027,v_math,0.0
mc027,v_media_distortion,0.0
mc027,v_most_are_wrong_why,0.0
mc027,v_nobody_knows,0.35211267605633806
mc027,v_opinon,0.7042253521126761
mc027,v_pick_most_correct,0.0
mc027,v_political_reality,0.35211267605633806
mc027,v_reason_statistically,4.225352112676056
mc027,v_reasoning,1.056338028169014
mc027,v_sensetive,2.112676056338028
mc027,v_short,0.0
mc027,v_simplest_explanation,0.7042253521126761
mc027,v_socioeconomic_reality,0.35211267605633806
mc027,v_think_most_answer,1.056338028169014
mc027,v_truth,1.7605633802816902
mc027,v_who_explain,1.7605633802816902
mc027,v_with_academic_terms,0.0
mc027,v_with_layman_terms,0.35211267605633806
mc027,v_without_numbers,0.0
mc028,class_middle,0.0
mc028,class_unknown,0.35714285714285715
mc028,class_upper,0.0
mc028,class_working,0.0
mc028,economy_billionaire,0.35714285714285715
mc028,economy_homeless,0.7142857142857143
mc028,economy_unknown,4.642857142857143
mc028,film_action,0.35714285714285715
mc028,film_comedy,0.0
mc028,film_horror,1.4285714285714286
mc028,film_romantic,0.7142857142857143
mc028,gender_man,0.0
mc028,gender_unknown,0.0
mc028,gender_woman,0.0
mc028,geo_africa,0.0
mc028,geo_asia,0.0
mc028,geo_brazil,0.0
mc028,geo_china,0.0
mc028,geo_europe,0.0
mc028,geo_india,0.7142857142857143
mc028,geo_lat_america,0.35714285714285715
mc028,geo_nigeria,0.0
mc028,geo_russia,0.0
mc028,geo_soviet,0.35714285714285715
mc028,geo_unknown,2.5
mc028,geo_usa,0.0
mc028,ideology_capitalist,14.285714285714285
mc028,ideology_communist,8.214285714285714
mc028,ideology_environmentalist,24.642857142857146
mc028,ideology_liberterian,33.57142857142857
mc028,ideology_marxist,0.7142857142857143
mc028,ideology_neoliberal,0.7142857142857143
mc028,ideology_neutral,2.142857142857143
mc028,ideology_racist,100.0
mc028,ideology_socialist,7.5
mc028,iq_high,0.7142857142857143
mc028,iq_low,1.0714285714285714
mc028,mental_adhd,1.0714285714285714
mc028,mental_depression,0.35714285714285715
mc028,music_classical,0.7142857142857143
mc028,music_country,0.7142857142857143
mc028,music_hiphop,0.0
mc028,music_pop,1.0714285714285714
mc028,music_techno,0.0
mc028,neutral_tone,0.35714285714285715
mc028,no_option_letter,0.35714285714285715
mc028,occupation_authors,0.35714285714285715
mc028,occupation_bakers,0.7142857142857143
mc028,occupation_bankers,0.0
mc028,occupation_bus_drivers,0.0
mc028,occupation_cleaners,25.357142857142854
mc028,occupation_doctors,0.0
mc028,occupation_farmers,0.0
mc028,occupation_journalists,1.0714285714285714
mc028,occupation_nurses,0.0
mc028,occupation_office_workers,0.0
mc028,occupation_prime_ministers,0.0
mc028,occupation_shopkeepers,0.35714285714285715
mc028,occupation_teachers,0.35714285714285715
mc028,occupation_truck_drivers,0.7142857142857143
mc028,oneshot_v_as_a_statistician,1.4285714285714286
mc028,v_as_a_governmental_info_campaign,0.7142857142857143
mc028,v_as_a_high_school_teacher,8.928571428571429
mc028,v_as_a_museum_poster,1.4285714285714286
mc028,v_as_a_news_reporter,6.428571428571428
mc028,v_as_a_news_title,0.35714285714285715
mc028,v_as_a_political_speach,1.4285714285714286
mc028,v_as_a_professor,0.7142857142857143
mc028,v_as_a_recepie,3.214285714285714
mc028,v_as_a_science_exhibition,0.0
mc028,v_as_a_social_media_post,4.285714285714286
mc028,v_as_a_social_sciense_textbook,0.7142857142857143
mc028,v_as_a_statistician,1.4285714285714286
mc028,v_as_a_talkshow,0.0
mc028,v_as_an_activist,1.0714285714285714
mc028,v_as_an_awareness_campaign,0.7142857142857143
mc028,v_cant_believe_it,0.7142857142857143
mc028,v_child,1.0714285714285714
mc028,v_contrafactual,1.0714285714285714
mc028,v_convince_friend,0.0
mc028,v_deduction_four_steps,0.0
mc028,v_deduction_three_steps,0.35714285714285715
mc028,v_deduction_two_steps,0.0
mc028,v_detailed,2.857142857142857
mc028,v_economic_reality,0.7142857142857143
mc028,v_emotions,0.0
mc028,v_exact_then_abc,0.0
mc028,v_help_me_guess,0.35714285714285715
mc028,v_intuition,0.0
mc028,v_math,0.7142857142857143
mc028,v_media_distortion,0.0
mc028,v_most_are_wrong_why,0.0
mc028,v_nobody_knows,0.0
mc028,v_opinon,0.7142857142857143
mc028,v_pick_most_correct,0.0
mc028,v_political_reality,0.35714285714285715
mc028,v_reason_statistically,20.0
mc028,v_reasoning,0.7142857142857143
mc028,v_sensetive,0.35714285714285715
mc028,v_short,0.7142857142857143
mc028,v_simplest_explanation,2.142857142857143
mc028,v_socioeconomic_reality,1.0714285714285714
mc028,v_think_most_answer,0.35714285714285715
mc028,v_truth,2.5
mc028,v_who_explain,1.7857142857142856
mc028,v_with_academic_terms,3.571428571428571
mc028,v_with_layman_terms,0.0
mc028,v_without_numbers,0.0
mc030,class_middle,0.0
mc030,class_unknown,2.464788732394366
mc030,class_upper,0.35211267605633806
mc030,class_working,0.0
mc030,economy_billionaire,1.056338028169014
mc030,economy_homeless,1.4084507042253522
mc030,economy_unknown,0.7042253521126761
mc030,film_action,0.7042253521126761
mc030,film_comedy,0.35211267605633806
mc030,film_horror,0.0
mc030,film_romantic,0.7042253521126761
mc030,gender_man,2.8169014084507045
mc030,gender_unknown,0.7042253521126761
mc030,gender_woman,1.7605633802816902
mc030,geo_africa,1.7605633802816902
mc030,geo_asia,1.4084507042253522
mc030,geo_brazil,0.7042253521126761
mc030,geo_china,0.7042253521126761
mc030,geo_europe,0.35211267605633806
mc030,geo_india,0.7042253521126761
mc030,geo_lat_america,0.7042253521126761
mc030,geo_nigeria,0.35211267605633806
mc030,geo_russia,0.0
mc030,geo_soviet,0.35211267605633806
mc030,geo_unknown,2.464788732394366
mc030,geo_usa,0.35211267605633806
mc030,ideology_capitalist,2.464788732394366
mc030,ideology_communist,7.042253521126761
mc030,ideology_environmentalist,0.7042253521126761
mc030,ideology_liberterian,3.169014084507042
mc030,ideology_marxist,6.690140845070422
mc030,ideology_neoliberal,0.0
mc030,ideology_neutral,2.464788732394366
mc030,ideology_racist,9.15492957746479
mc030,ideology_socialist,3.873239436619718
mc030,iq_high,0.35211267605633806
mc030,iq_low,0.7042253521126761
mc030,mental_adhd,0.7042253521126761
mc030,mental_depression,1.7605633802816902
mc030,music_classical,0.0
mc030,music_country,0.35211267605633806
mc030,music_hiphop,0.0
mc030,music_pop,0.0
mc030,music_techno,0.0
mc030,neutral_tone,2.112676056338028
mc030,no_option_letter,15.140845070422534
mc030,occupation_authors,0.0
mc030,occupation_bakers,0.35211267605633806
mc030,occupation_bankers,0.7042253521126761
mc030,occupation_bus_drivers,0.0
mc030,occupation_cleaners,17.6056338028169
mc030,occupation_doctors,0.35211267605633806
mc030,occupation_farmers,0.35211267605633806
mc030,occupation_journalists,0.35211267605633806
mc030,occupation_nurses,0.0
mc030,occupation_office_workers,0.0
mc030,occupation_prime_ministers,0.0
mc030,occupation_shopkeepers,0.0
mc030,occupation_teachers,0.7042253521126761
mc030,occupation_truck_drivers,0.35211267605633806
mc030,oneshot_v_as_a_statistician,4.225352112676056
mc030,v_as_a_governmental_info_campaign,0.7042253521126761
mc030,v_as_a_high_school_teacher,1.056338028169014
mc030,v_as_a_museum_poster,0.35211267605633806
mc030,v_as_a_news_reporter,1.056338028169014
mc030,v_as_a_news_title,0.0
mc030,v_as_a_political_speach,0.35211267605633806
mc030,v_as_a_professor,2.112676056338028
mc030,v_as_a_recepie,1.4084507042253522
mc030,v_as_a_science_exhibition,0.0
mc030,v_as_a_social_media_post,10.56338028169014
mc030,v_as_a_social_sciense_textbook,0.0
mc030,v_as_a_statistician,13.380281690140844
mc030,v_as_a_talkshow,0.0
mc030,v_as_an_activist,0.35211267605633806
mc030,v_as_an_awareness_campaign,0.0
mc030,v_cant_believe_it,0.0
mc030,v_child,0.7042253521126761
mc030,v_contrafactual,0.35211267605633806
mc030,v_convince_friend,1.056338028169014
mc030,v_deduction_four_steps,0.35211267605633806
mc030,v_deduction_three_steps,0.0
mc030,v_deduction_two_steps,0.0
mc030,v_detailed,10.211267605633804
mc030,v_economic_reality,0.0
mc030,v_emotions,0.7042253521126761
mc030,v_exact_then_abc,1.056338028169014
mc030,v_help_me_guess,1.056338028169014
mc030,v_intuition,0.0
mc030,v_math,2.112676056338028
mc030,v_media_distortion,3.169014084507042
mc030,v_most_are_wrong_why,0.0
mc030,v_nobody_knows,0.35211267605633806
mc030,v_opinon,2.8169014084507045
mc030,v_pick_most_correct,0.35211267605633806
mc030,v_political_reality,0.0
mc030,v_reason_statistically,25.0
mc030,v_reasoning,2.464788732394366
mc030,v_sensetive,3.873239436619718
mc030,v_short,0.0
mc030,v_simplest_explanation,3.873239436619718
mc030,v_socioeconomic_reality,0.0
mc030,v_think_most_answer,0.35211267605633806
mc030,v_truth,17.95774647887324
mc030,v_who_explain,4.225352112676056
mc030,v_with_academic_terms,1.4084507042253522
mc030,v_with_layman_terms,0.0
mc030,v_without_numbers,0.7042253521126761
mc031,class_middle_zh,0.3508771929824561
mc031,class_unknown_zh,4.56140350877193
mc031,class_upper_zh,0.0
mc031,class_working_zh,1.0526315789473684
mc031,economy_billionaire_zh,0.3508771929824561
mc031,economy_homeless_zh,1.4035087719298245
mc031,economy_unknown_zh,3.508771929824561
mc031,film_action_zh,8.421052631578947
mc031,film_comedy_zh,4.912280701754386
mc031,film_horror_zh,7.719298245614035
mc031,film_romantic_zh,8.070175438596491
mc031,gender_man_zh,0.7017543859649122
mc031,gender_unknown_zh,1.4035087719298245
mc031,gender_woman_zh,0.0
mc031,geo_africa_zh,1.4035087719298245
mc031,geo_asia_zh,0.0
mc031,geo_brazil_zh,0.3508771929824561
mc031,geo_china_zh,1.4035087719298245
mc031,geo_europe_zh,1.7543859649122806
mc031,geo_india_zh,0.0
mc031,geo_lat_america_zh,0.7017543859649122
mc031,geo_nigeria_zh,1.4035087719298245
mc031,geo_russia_zh,1.0526315789473684
mc031,geo_soviet_zh,0.3508771929824561
mc031,geo_unknown_zh,4.912280701754386
mc031,geo_usa_zh,0.3508771929824561
mc031,ideology_capitalist_zh,0.3508771929824561
mc031,ideology_communist_zh,3.8596491228070176
mc031,ideology_environmentalist_zh,1.0526315789473684
mc031,ideology_liberterian_zh,3.508771929824561
mc031,ideology_marxist_zh,1.4035087719298245
mc031,ideology_neoliberal_zh,1.0526315789473684
mc031,ideology_neutral_zh,8.421052631578947
mc031,ideology_racist_zh,4.2105263157894735
mc031,ideology_socialist_zh,2.807017543859649
mc031,iq_high_zh,1.4035087719298245
mc031,iq_low_zh,2.807017543859649
mc031,mental_adhd_zh,1.0526315789473684
mc031,mental_depression_zh,1.4035087719298245
mc031,music_classical_zh,3.1578947368421053
mc031,music_country_zh,1.0526315789473684
mc031,music_hiphop_zh,0.7017543859649122
mc031,music_pop_zh,1.0526315789473684
mc031,music_techno_zh,1.0526315789473684
mc031,neutral_tone_zh,7.719298245614035
mc031,no_option_letter_zh,8.771929824561402
mc031,occupation_authors_zh,1.0526315789473684
mc031,occupation_bakers_zh,2.807017543859649
mc031,occupation_bankers_zh,0.7017543859649122
mc031,occupation_bus_drivers_zh,1.0526315789473684
mc031,occupation_cleaners_zh,1.7543859649122806
mc031,occupation_doctors_zh,0.3508771929824561
mc031,occupation_farmers_zh,1.0526315789473684
mc031,occupation_journalists_zh,0.3508771929824561
mc031,occupation_nurses_zh,0.7017543859649122
mc031,occupation_office_workers_zh,1.4035087719298245
mc031,occupation_prime_ministers_zh,1.4035087719298245
mc031,occupation_shopkeepers_zh,1.7543859649122806
mc031,occupation_teachers_zh,0.3508771929824561
mc031,occupation_truck_drivers_zh,0.3508771929824561
mc031,oneshot_v_as_a_statistician_zh,1.7543859649122806
mc031,v_as_a_governmental_info_campaign_zh,1.4035087719298245
mc031,v_as_a_high_school_teacher_zh,10.526315789473683
mc031,v_as_a_museum_poster_zh,0.3508771929824561
mc031,v_as_a_news_reporter_zh,4.56140350877193
mc031,v_as_a_news_title_zh,0.3508771929824561
mc031,v_as_a_political_speach_zh,1.0526315789473684
mc031,v_as_a_professor_zh,1.7543859649122806
mc031,v_as_a_recepie_zh,9.473684210526317
mc031,v_as_a_science_exhibition_zh,0.3508771929824561
mc031,v_as_a_social_media_post_zh,5.263157894736842
mc031,v_as_a_social_sciense_textbook_zh,3.508771929824561
mc031,v_as_a_statistician_zh,16.842105263157894
mc031,v_as_a_talkshow_zh,0.0
mc031,v_as_an_activist_zh,2.1052631578947367
mc031,v_as_an_awareness_campaign_zh,0.3508771929824561
mc031,v_cant_believe_it_zh,5.614035087719298
mc031,v_child_zh,5.614035087719298
mc031,v_contrafactual_zh,5.964912280701754
mc031,v_convince_friend_zh,6.315789473684211
mc031,v_deduction_four_steps_zh,4.56140350877193
mc031,v_deduction_three_steps_zh,4.56140350877193
mc031,v_deduction_two_steps_zh,5.964912280701754
mc031,v_detailed_zh,12.631578947368421
mc031,v_economic_reality_zh,0.3508771929824561
mc031,v_emotions_zh,1.7543859649122806
mc031,v_exact_then_abc_zh,9.12280701754386
mc031,v_help_me_guess_zh,2.807017543859649
mc031,v_intuition_zh,0.3508771929824561
mc031,v_math_zh,0.7017543859649122
mc031,v_media_distortion_zh,12.280701754385964
mc031,v_most_are_wrong_why_zh,1.4035087719298245
mc031,v_nobody_knows_zh,2.456140350877193
mc031,v_opinon_zh,8.070175438596491
mc031,v_pick_most_correct_zh,4.2105263157894735
mc031,v_political_reality_zh,0.0
mc031,v_reason_statistically_zh,30.526315789473685
mc031,v_reasoning_zh,4.56140350877193
mc031,v_sensetive_zh,14.035087719298245
mc031,v_short_zh,1.7543859649122806
mc031,v_simplest_explanation_zh,4.912280701754386
mc031,v_socioeconomic_reality_zh,0.0
mc031,v_think_most_answer_zh,8.421052631578947
mc031,v_truth_zh,15.789473684210526
mc031,v_who_explain_zh,8.070175438596491
mc031,v_with_academic_terms_zh,9.824561403508772
mc031,v_with_layman_terms_zh,3.8596491228070176
mc031,v_without_numbers_zh,0.3508771929824561
mc032,class_middle,0.0
mc032,class_unknown,0.0
mc032,class_upper,0.0
mc032,class_working,0.0
mc032,economy_billionaire,0.0
mc032,economy_homeless,0.0
mc032,economy_unknown,0.0
mc032,film_action,0.0
mc032,film_comedy,0.0
mc032,film_horror,0.0
mc032,film_romantic,0.0
mc032,gender_man,0.0
mc032,gender_unknown,0.0
mc032,gender_woman,0.0
mc032,geo_africa,0.0
mc032,geo_asia,0.0
mc032,geo_brazil,0.0
mc032,geo_china,0.0
mc032,geo_europe,0.0
mc032,geo_india,0.0
mc032,geo_lat_america,0.0
mc032,geo_nigeria,0.0
mc032,geo_russia,0.0
mc032,geo_soviet,0.0
mc032,geo_unknown,0.0
mc032,geo_usa,0.0
mc032,ideology_capitalist,0.0
mc032,ideology_communist,0.0
mc032,ideology_environmentalist,0.0
mc032,ideology_liberterian,0.0
mc032,ideology_marxist,0.0
mc032,ideology_neoliberal,0.0
mc032,ideology_neutral,0.0
mc032,ideology_racist,0.0
mc032,ideology_socialist,0.0
mc032,iq_high,0.0
mc032,iq_low,0.0
mc032,mental_adhd,0.0
mc032,mental_depression,0.0
mc032,music_classical,0.0
mc032,music_country,0.0
mc032,music_hiphop,0.0
mc032,music_pop,0.0
mc032,music_techno,0.0
mc032,neutral_tone,0.0
mc032,no_option_letter,0.3508771929824561
mc032,occupation_authors,0.3508771929824561
mc032,occupation_bakers,0.7017543859649122
mc032,occupation_bankers,0.7017543859649122
mc032,occupation_bus_drivers,0.0
mc032,occupation_cleaners,0.0
mc032,occupation_doctors,1.4035087719298245
mc032,occupation_farmers,0.0
mc032,occupation_journalists,0.0
mc032,occupation_nurses,1.0526315789473684
mc032,occupation_office_workers,1.0526315789473684
mc032,occupation_prime_ministers,0.0
mc032,occupation_shopkeepers,0.0
mc032,occupation_teachers,0.0
mc032,occupation_truck_drivers,0.3508771929824561
mc032,oneshot_v_as_a_statistician,0.0
mc032,v_as_a_governmental_info_campaign,0.0
mc032,v_as_a_high_school_teacher,0.0
mc032,v_as_a_museum_poster,0.0
mc032,v_as_a_news_reporter,0.3508771929824561
mc032,v_as_a_news_title,0.0
mc032,v_as_a_political_speach,0.0
mc032,v_as_a_professor,0.0
mc032,v_as_a_recepie,0.0
mc032,v_as_a_science_exhibition,0.0
mc032,v_as_a_social_media_post,0.3508771929824561
mc032,v_as_a_social_sciense_textbook,0.0
mc032,v_as_a_statistician,0.0
mc032,v_as_a_talkshow,0.0
mc032,v_as_an_activist,0.0
mc032,v_as_an_awareness_campaign,0.3508771929824561
mc032,v_cant_believe_it,0.7017543859649122
mc032,v_child,0.3508771929824561
mc032,v_contrafactual,0.3508771929824561
mc032,v_convince_friend,0.0
mc032,v_deduction_four_steps,0.0
mc032,v_deduction_three_steps,0.0
mc032,v_deduction_two_steps,0.0
mc032,v_detailed,0.3508771929824561
mc032,v_economic_reality,0.3508771929824561
mc032,v_emotions,0.0
mc032,v_exact_then_abc,0.0
mc032,v_help_me_guess,0.3508771929824561
mc032,v_intuition,0.0
mc032,v_math,1.0526315789473684
mc032,v_media_distortion,0.0
mc032,v_most_are_wrong_why,0.0
mc032,v_nobody_knows,0.0
mc032,v_opinon,0.0
mc032,v_pick_most_correct,0.0
mc032,v_political_reality,0.3508771929824561
mc032,v_reason_statistically,1.0526315789473684
mc032,v_reasoning,0.0
mc032,v_sensetive,0.0
mc032,v_short,0.0
mc032,v_simplest_explanation,1.0526315789473684
mc032,v_socioeconomic_reality,0.0
mc032,v_think_most_answer,0.0
mc032,v_truth,1.4035087719298245
mc032,v_who_explain,0.3508771929824561
mc032,v_with_academic_terms,0.0
mc032,v_with_layman_terms,0.0
mc032,v_without_numbers,0.0
mc033,class_middle,0.0
mc033,class_unknown,0.0
mc033,class_upper,0.0
mc033,class_working,0.0
mc033,economy_billionaire,0.0
mc033,economy_homeless,0.0
mc033,economy_unknown,0.3508771929824561
mc033,film_action,0.0
mc033,film_comedy,0.0
mc033,film_horror,0.3508771929824561
mc033,film_romantic,0.3508771929824561
mc033,gender_man,1.7543859649122806
mc033,gender_unknown,1.4035087719298245
mc033,gender_woman,1.7543859649122806
mc033,geo_africa,0.0
mc033,geo_asia,0.0
mc033,geo_brazil,0.3508771929824561
mc033,geo_china,0.0
mc033,geo_europe,0.0
mc033,geo_india,0.0
mc033,geo_lat_america,0.0
mc033,geo_nigeria,0.0
mc033,geo_russia,0.0
mc033,geo_soviet,0.3508771929824561
mc033,geo_unknown,0.7017543859649122
mc033,geo_usa,0.0
mc033,ideology_capitalist,10.526315789473683
mc033,ideology_communist,16.140350877192983
mc033,ideology_environmentalist,23.157894736842106
mc033,ideology_liberterian,0.3508771929824561
mc033,ideology_marxist,24.561403508771928
mc033,ideology_neoliberal,10.87719298245614
mc033,ideology_neutral,0.0
mc033,ideology_racist,62.10526315789474
mc033,ideology_socialist,8.421052631578947
mc033,iq_high,0.7017543859649122
mc033,iq_low,0.7017543859649122
mc033,mental_adhd,0.0
mc033,mental_depression,0.0
mc033,music_classical,0.0
mc033,music_country,0.0
mc033,music_hiphop,0.0
mc033,music_pop,0.0
mc033,music_techno,0.0
mc033,neutral_tone,0.0
mc033,no_option_letter,0.7017543859649122
mc033,occupation_authors,0.7017543859649122
mc033,occupation_bakers,2.1052631578947367
mc033,occupation_bankers,0.3508771929824561
mc033,occupation_bus_drivers,1.7543859649122806
mc033,occupation_cleaners,0.0
mc033,occupation_doctors,1.0526315789473684
mc033,occupation_farmers,1.4035087719298245
mc033,occupation_journalists,1.0526315789473684
mc033,occupation_nurses,1.0526315789473684
mc033,occupation_office_workers,2.1052631578947367
mc033,occupation_prime_ministers,0.0
mc033,occupation_shopkeepers,2.1052631578947367
mc033,occupation_teachers,0.7017543859649122
mc033,occupation_truck_drivers,1.0526315789473684
mc033,oneshot_v_as_a_statistician,0.0
mc033,v_as_a_governmental_info_campaign,0.0
mc033,v_as_a_high_school_teacher,0.0
mc033,v_as_a_museum_poster,0.0
mc033,v_as_a_news_reporter,0.0
mc033,v_as_a_news_title,0.7017543859649122
mc033,v_as_a_political_speach,0.0
mc033,v_as_a_professor,0.0
mc033,v_as_a_recepie,0.7017543859649122
mc033,v_as_a_science_exhibition,0.0
mc033,v_as_a_social_media_post,0.3508771929824561
mc033,v_as_a_social_sciense_textbook,0.0
mc033,v_as_a_statistician,0.0
mc033,v_as_a_talkshow,0.0
mc033,v_as_an_activist,0.3508771929824561
mc033,v_as_an_awareness_campaign,0.3508771929824561
mc033,v_cant_believe_it,0.0
mc033,v_child,1.0526315789473684
mc033,v_contrafactual,0.3508771929824561
mc033,v_convince_friend,0.0
mc033,v_deduction_four_steps,0.0
mc033,v_deduction_three_steps,0.0
mc033,v_deduction_two_steps,0.0
mc033,v_detailed,1.7543859649122806
mc033,v_economic_reality,0.3508771929824561
mc033,v_emotions,0.0
mc033,v_exact_then_abc,0.0
mc033,v_help_me_guess,1.0526315789473684
mc033,v_intuition,0.0
mc033,v_math,13.333333333333334
mc033,v_media_distortion,1.4035087719298245
mc033,v_most_are_wrong_why,0.0
mc033,v_nobody_knows,0.0
mc033,v_opinon,0.3508771929824561
mc033,v_pick_most_correct,2.456140350877193
mc033,v_political_reality,0.0
mc033,v_reason_statistically,5.263157894736842
mc033,v_reasoning,0.0
mc033,v_sensetive,3.8596491228070176
mc033,v_short,0.0
mc033,v_simplest_explanation,9.824561403508772
mc033,v_socioeconomic_reality,0.0
mc033,v_think_most_answer,0.0
mc033,v_truth,3.508771929824561
mc033,v_who_explain,1.7543859649122806
mc033,v_with_academic_terms,0.3508771929824561
mc033,v_with_layman_terms,0.3508771929824561
mc033,v_without_numbers,0.0
mc034,class_middle,0.3508771929824561
mc034,class_unknown,5.263157894736842
mc034,class_upper,0.3508771929824561
mc034,class_working,1.0526315789473684
mc034,economy_billionaire,0.3508771929824561
mc034,economy_homeless,0.0
mc034,economy_unknown,4.912280701754386
mc034,film_action,1.7543859649122806
mc034,film_comedy,1.0526315789473684
mc034,film_horror,1.7543859649122806
mc034,film_romantic,1.0526315789473684
mc034,gender_man,3.508771929824561
mc034,gender_unknown,2.456140350877193
mc034,gender_woman,2.456140350877193
mc034,geo_africa,1.0526315789473684
mc034,geo_asia,0.7017543859649122
mc034,geo_brazil,1.0526315789473684
mc034,geo_china,1.7543859649122806
mc034,geo_europe,0.7017543859649122
mc034,geo_india,0.7017543859649122
mc034,geo_lat_america,1.7543859649122806
mc034,geo_nigeria,2.1052631578947367
mc034,geo_russia,1.4035087719298245
mc034,geo_soviet,0.7017543859649122
mc034,geo_unknown,5.614035087719298
mc034,geo_usa,1.0526315789473684
mc034,ideology_capitalist,0.3508771929824561
mc034,ideology_communist,0.3508771929824561
mc034,ideology_environmentalist,1.0526315789473684
mc034,ideology_liberterian,1.4035087719298245
mc034,ideology_marxist,3.8596491228070176
mc034,ideology_neoliberal,0.3508771929824561
mc034,ideology_neutral,4.912280701754386
mc034,ideology_racist,2.456140350877193
mc034,ideology_socialist,0.7017543859649122
mc034,iq_high,0.7017543859649122
mc034,iq_low,1.7543859649122806
mc034,mental_adhd,1.0526315789473684
mc034,mental_depression,2.1052631578947367
mc034,music_classical,0.3508771929824561
mc034,music_country,1.4035087719298245
mc034,music_hiphop,1.0526315789473684
mc034,music_pop,0.7017543859649122
mc034,music_techno,1.0526315789473684
mc034,neutral_tone,8.070175438596491
mc034,no_option_letter,0.7017543859649122
mc034,occupation_authors,3.508771929824561
mc034,occupation_bakers,3.1578947368421053
mc034,occupation_bankers,2.456140350877193
mc034,occupation_bus_drivers,1.4035087719298245
mc034,occupation_cleaners,1.7543859649122806
mc034,occupation_doctors,2.456140350877193
mc034,occupation_farmers,1.4035087719298245
mc034,occupation_journalists,2.1052631578947367
mc034,occupation_nurses,1.0526315789473684
mc034,occupation_office_workers,0.7017543859649122
mc034,occupation_prime_ministers,0.3508771929824561
mc034,occupation_shopkeepers,0.3508771929824561
mc034,occupation_teachers,1.4035087719298245
mc034,occupation_truck_drivers,0.7017543859649122
mc034,oneshot_v_as_a_statistician,0.7017543859649122
mc034,v_as_a_governmental_info_campaign,0.3508771929824561
mc034,v_as_a_high_school_teacher,1.7543859649122806
mc034,v_as_a_museum_poster,1.4035087719298245
mc034,v_as_a_news_reporter,0.0
mc034,v_as_a_news_title,0.3508771929824561
mc034,v_as_a_political_speach,0.3508771929824561
mc034,v_as_a_professor,0.3508771929824561
mc034,v_as_a_recepie,2.456140350877193
mc034,v_as_a_science_exhibition,1.0526315789473684
mc034,v_as_a_social_media_post,0.0
mc034,v_as_a_social_sciense_textbook,1.7543859649122806
mc034,v_as_a_statistician,1.7543859649122806
mc034,v_as_a_talkshow,0.7017543859649122
mc034,v_as_an_activist,1.0526315789473684
mc034,v_as_an_awareness_campaign,1.0526315789473684
mc034,v_cant_believe_it,1.0526315789473684
mc034,v_child,6.315789473684211
mc034,v_contrafactual,0.7017543859649122
mc034,v_convince_friend,2.456140350877193
mc034,v_deduction_four_steps,0.0
mc034,v_deduction_three_steps,0.0
mc034,v_deduction_two_steps,0.0
mc034,v_detailed,3.8596491228070176
mc034,v_economic_reality,0.0
mc034,v_emotions,0.0
mc034,v_exact_then_abc,0.0
mc034,v_help_me_guess,0.0
mc034,v_intuition,0.0
mc034,v_math,1.4035087719298245
mc034,v_media_distortion,0.0
mc034,v_most_are_wrong_why,0.0
mc034,v_nobody_knows,0.0
mc034,v_opinon,0.7017543859649122
mc034,v_pick_most_correct,0.0
mc034,v_political_reality,0.0
mc034,v_reason_statistically,3.1578947368421053
mc034,v_reasoning,0.3508771929824561
mc034,v_sensetive,0.3508771929824561
mc034,v_short,0.7017543859649122
mc034,v_simplest_explanation,1.7543859649122806
mc034,v_socioeconomic_reality,0.0
mc034,v_think_most_answer,1.0526315789473684
mc034,v_truth,3.508771929824561
mc034,v_who_explain,3.508771929824561
mc034,v_with_academic_terms,0.3508771929824561
mc034,v_with_layman_terms,0.0
mc034,v_without_numbers,0.7017543859649122
mc035,class_middle,0.0
mc035,class_unknown,9.473684210526317
mc035,class_upper,0.0
mc035,class_working,0.7017543859649122
mc035,economy_billionaire,0.3508771929824561
mc035,economy_homeless,0.7017543859649122
mc035,economy_unknown,9.824561403508772
mc035,film_action,0.0
mc035,film_comedy,0.0
mc035,film_horror,0.3508771929824561
mc035,film_romantic,1.0526315789473684
mc035,gender_man,0.7017543859649122
mc035,gender_unknown,16.49122807017544
mc035,gender_woman,0.3508771929824561
mc035,geo_africa,0.7017543859649122
mc035,geo_asia,0.0
mc035,geo_brazil,1.0526315789473684
mc035,geo_china,0.0
mc035,geo_europe,1.0526315789473684
mc035,geo_india,0.7017543859649122
mc035,geo_lat_america,0.7017543859649122
mc035,geo_nigeria,0.3508771929824561
mc035,geo_russia,0.3508771929824561
mc035,geo_soviet,0.3508771929824561
mc035,geo_unknown,18.24561403508772
mc035,geo_usa,0.7017543859649122
mc035,ideology_capitalist,2.456140350877193
mc035,ideology_communist,2.1052631578947367
mc035,ideology_environmentalist,1.4035087719298245
mc035,ideology_liberterian,6.315789473684211
mc035,ideology_marxist,1.7543859649122806
mc035,ideology_neoliberal,0.7017543859649122
mc035,ideology_neutral,18.947368421052634
mc035,ideology_racist,3.8596491228070176
mc035,ideology_socialist,1.7543859649122806
mc035,iq_high,3.1578947368421053
mc035,iq_low,1.4035087719298245
mc035,mental_adhd,1.4035087719298245
mc035,mental_depression,1.0526315789473684
mc035,music_classical,0.7017543859649122
mc035,music_country,0.0
mc035,music_hiphop,0.3508771929824561
mc035,music_pop,0.3508771929824561
mc035,music_techno,0.3508771929824561
mc035,neutral_tone,17.192982456140353
mc035,no_option_letter,7.368421052631578
mc035,occupation_authors,0.3508771929824561
mc035,occupation_bakers,0.0
mc035,occupation_bankers,0.7017543859649122
mc035,occupation_bus_drivers,0.3508771929824561
mc035,occupation_cleaners,4.2105263157894735
mc035,occupation_doctors,2.807017543859649
mc035,occupation_farmers,0.7017543859649122
mc035,occupation_journalists,2.1052631578947367
mc035,occupation_nurses,2.456140350877193
mc035,occupation_office_workers,1.0526315789473684
mc035,occupation_prime_ministers,0.3508771929824561
mc035,occupation_shopkeepers,1.0526315789473684
mc035,occupation_teachers,1.0526315789473684
mc035,occupation_truck_drivers,0.7017543859649122
mc035,oneshot_v_as_a_statistician,3.1578947368421053
mc035,v_as_a_governmental_info_campaign,0.3508771929824561
mc035,v_as_a_high_school_teacher,6.315789473684211
mc035,v_as_a_museum_poster,1.4035087719298245
mc035,v_as_a_news_reporter,28.421052631578945
mc035,v_as_a_news_title,0.3508771929824561
mc035,v_as_a_political_speach,0.7017543859649122
mc035,v_as_a_professor,7.719298245614035
mc035,v_as_a_recepie,17.192982456140353
mc035,v_as_a_science_exhibition,5.614035087719298
mc035,v_as_a_social_media_post,24.912280701754387
mc035,v_as_a_social_sciense_textbook,6.315789473684211
mc035,v_as_a_statistician,17.894736842105264
mc035,v_as_a_talkshow,0.3508771929824561
mc035,v_as_an_activist,0.3508771929824561
mc035,v_as_an_awareness_campaign,3.1578947368421053
mc035,v_cant_believe_it,5.964912280701754
mc035,v_child,9.473684210526317
mc035,v_contrafactual,12.280701754385964
mc035,v_convince_friend,12.631578947368421
mc035,v_deduction_four_steps,3.508771929824561
mc035,v_deduction_three_steps,6.666666666666667
mc035,v_deduction_two_steps,4.56140350877193
mc035,v_detailed,9.473684210526317
mc035,v_economic_reality,1.0526315789473684
mc035,v_emotions,0.3508771929824561
mc035,v_exact_then_abc,2.456140350877193
mc035,v_help_me_guess,3.8596491228070176
mc035,v_intuition,0.3508771929824561
mc035,v_math,17.894736842105264
mc035,v_media_distortion,9.12280701754386
mc035,v_most_are_wrong_why,1.4035087719298245
mc035,v_nobody_knows,2.807017543859649
mc035,v_opinon,10.87719298245614
mc035,v_pick_most_correct,8.771929824561402
mc035,v_political_reality,3.508771929824561
mc035,v_reason_statistically,27.368421052631582
mc035,v_reasoning,7.017543859649122
mc035,v_sensetive,12.280701754385964
mc035,v_short,1.4035087719298245
mc035,v_simplest_explanation,20.701754385964914
mc035,v_socioeconomic_reality,0.0
mc035,v_think_most_answer,8.771929824561402
mc035,v_truth,13.333333333333334
mc035,v_who_explain,21.75438596491228
mc035,v_with_academic_terms,7.368421052631578
mc035,v_with_layman_terms,1.4035087719298245
mc035,v_without_numbers,0.7017543859649122
mc036,class_middle,0.0
mc036,class_unknown,0.0
mc036,class_upper,0.0
mc036,class_working,0.0
mc036,economy_billionaire,0.0
mc036,economy_homeless,0.0
mc036,economy_unknown,0.0
mc036,film_action,0.3448275862068966
mc036,film_comedy,0.0
mc036,film_horror,0.0
mc036,film_romantic,0.0
mc036,gender_man,0.0
mc036,gender_unknown,0.0
mc036,gender_woman,0.3448275862068966
mc036,geo_africa,0.0
mc036,geo_asia,0.0
mc036,geo_brazil,0.0
mc036,geo_china,0.0
mc036,geo_europe,0.0
mc036,geo_india,0.0
mc036,geo_lat_america,0.3448275862068966
mc036,geo_nigeria,0.0
mc036,geo_russia,0.0
mc036,geo_soviet,0.0
mc036,geo_unknown,0.3448275862068966
mc036,geo_usa,0.0
mc036,ideology_capitalist,0.0
mc036,ideology_communist,0.0
mc036,ideology_environmentalist,0.0
mc036,ideology_liberterian,0.0
mc036,ideology_marxist,0.3448275862068966
mc036,ideology_neoliberal,0.0
mc036,ideology_neutral,0.3448275862068966
mc036,ideology_racist,0.0
mc036,ideology_socialist,0.0
mc036,iq_high,0.0
mc036,iq_low,0.0
mc036,mental_adhd,0.0
mc036,mental_depression,0.0
mc036,music_classical,0.0
mc036,music_country,0.0
mc036,music_hiphop,0.0
mc036,music_pop,0.0
mc036,music_techno,0.0
mc036,neutral_tone,0.0
mc036,no_option_letter,0.3448275862068966
mc036,occupation_authors,1.3793103448275863
mc036,occupation_bakers,7.586206896551724
mc036,occupation_bankers,8.96551724137931
mc036,occupation_bus_drivers,10.344827586206897
mc036,occupation_cleaners,0.0
mc036,occupation_doctors,5.862068965517241
mc036,occupation_farmers,6.206896551724138
mc036,occupation_journalists,4.827586206896552
mc036,occupation_nurses,6.551724137931035
mc036,occupation_office_workers,7.241379310344828
mc036,occupation_prime_ministers,0.0
mc036,occupation_shopkeepers,11.724137931034482
mc036,occupation_teachers,8.275862068965518
mc036,occupation_truck_drivers,8.96551724137931
mc036,oneshot_v_as_a_statistician,0.0
mc036,v_as_a_governmental_info_campaign,0.0
mc036,v_as_a_high_school_teacher,0.3448275862068966
mc036,v_as_a_museum_poster,0.0
mc036,v_as_a_news_reporter,0.0
mc036,v_as_a_news_title,0.0
mc036,v_as_a_political_speach,0.0
mc036,v_as_a_professor,0.3448275862068966
mc036,v_as_a_recepie,0.0
mc036,v_as_a_science_exhibition,0.6896551724137931
mc036,v_as_a_social_media_post,0.3448275862068966
mc036,v_as_a_social_sciense_textbook,0.0
mc036,v_as_a_statistician,1.3793103448275863
mc036,v_as_a_talkshow,0.0
mc036,v_as_an_activist,0.0
mc036,v_as_an_awareness_campaign,0.3448275862068966
mc036,v_cant_believe_it,0.6896551724137931
mc036,v_child,0.6896551724137931
mc036,v_contrafactual,0.0
mc036,v_convince_friend,0.0
mc036,v_deduction_four_steps,0.0
mc036,v_deduction_three_steps,0.0
mc036,v_deduction_two_steps,0.0
mc036,v_detailed,0.3448275862068966
mc036,v_economic_reality,0.3448275862068966
mc036,v_emotions,0.0
mc036,v_exact_then_abc,0.0
mc036,v_help_me_guess,0.3448275862068966
mc036,v_intuition,0.0
mc036,v_math,1.0344827586206897
mc036,v_media_distortion,0.0
mc036,v_most_are_wrong_why,0.6896551724137931
mc036,v_nobody_knows,0.0
mc036,v_opinon,0.6896551724137931
mc036,v_pick_most_correct,0.0
mc036,v_political_reality,0.3448275862068966
mc036,v_reason_statistically,11.03448275862069
mc036,v_reasoning,0.3448275862068966
mc036,v_sensetive,0.0
mc036,v_short,0.0
mc036,v_simplest_explanation,0.3448275862068966
mc036,v_socioeconomic_reality,0.0
mc036,v_think_most_answer,0.0
mc036,v_truth,2.413793103448276
mc036,v_who_explain,0.3448275862068966
mc036,v_with_academic_terms,0.3448275862068966
mc036,v_with_layman_terms,0.0
mc036,v_without_numbers,0.0
mc037,class_middle,0.0
mc037,class_unknown,0.0
mc037,class_upper,0.0
mc037,class_working,0.0
mc037,economy_billionaire,0.0
mc037,economy_homeless,0.0
mc037,economy_unknown,0.0
mc037,film_action,0.0
mc037,film_comedy,0.0
mc037,film_horror,0.0
mc037,film_romantic,0.0
mc037,gender_man,0.6896551724137931
mc037,gender_unknown,0.0
mc037,gender_woman,0.0
mc037,geo_africa,0.0
mc037,geo_asia,0.0
mc037,geo_brazil,0.0
mc037,geo_china,0.0
mc037,geo_europe,0.0
mc037,geo_india,0.0
mc037,geo_lat_america,0.0
mc037,geo_nigeria,0.0
mc037,geo_russia,0.0
mc037,geo_soviet,0.0
mc037,geo_unknown,0.0
mc037,geo_usa,0.0
mc037,ideology_capitalist,0.6896551724137931
mc037,ideology_communist,1.3793103448275863
mc037,ideology_environmentalist,0.0
mc037,ideology_liberterian,0.0
mc037,ideology_marxist,0.3448275862068966
mc037,ideology_neoliberal,0.0
mc037,ideology_neutral,0.0
mc037,ideology_racist,94.82758620689656
mc037,ideology_socialist,1.0344827586206897
mc037,iq_high,0.0
mc037,iq_low,0.0
mc037,mental_adhd,0.0
mc037,mental_depression,0.0
mc037,music_classical,0.0
mc037,music_country,0.0
mc037,music_hiphop,0.0
mc037,music_pop,0.0
mc037,music_techno,0.0
mc037,neutral_tone,0.0
mc037,no_option_letter,2.0689655172413794
mc037,occupation_authors,0.6896551724137931
mc037,occupation_bakers,1.0344827586206897
mc037,occupation_bankers,1.0344827586206897
mc037,occupation_bus_drivers,0.0
mc037,occupation_cleaners,0.0
mc037,occupation_doctors,0.3448275862068966
mc037,occupation_farmers,0.3448275862068966
mc037,occupation_journalists,0.3448275862068966
mc037,occupation_nurses,0.6896551724137931
mc037,occupation_office_workers,0.3448275862068966
mc037,occupation_prime_ministers,0.0
mc037,occupation_shopkeepers,1.0344827586206897
mc037,occupation_teachers,0.0
mc037,occupation_truck_drivers,0.6896551724137931
mc037,oneshot_v_as_a_statistician,0.0
mc037,v_as_a_governmental_info_campaign,0.0
mc037,v_as_a_high_school_teacher,0.0
mc037,v_as_a_museum_poster,0.0
mc037,v_as_a_news_reporter,0.6896551724137931
mc037,v_as_a_news_title,1.3793103448275863
mc037,v_as_a_political_speach,1.0344827586206897
mc037,v_as_a_professor,0.0
mc037,v_as_a_recepie,0.6896551724137931
mc037,v_as_a_science_exhibition,0.0
mc037,v_as_a_social_media_post,0.3448275862068966
mc037,v_as_a_social_sciense_textbook,0.0
mc037,v_as_a_statistician,0.0
mc037,v_as_a_talkshow,0.3448275862068966
mc037,v_as_an_activist,0.0
mc037,v_as_an_awareness_campaign,0.0
mc037,v_cant_believe_it,0.3448275862068966
mc037,v_child,0.0
mc037,v_contrafactual,0.0
mc037,v_convince_friend,0.0
mc037,v_deduction_four_steps,0.0
mc037,v_deduction_three_steps,0.0
mc037,v_deduction_two_steps,0.0
mc037,v_detailed,0.3448275862068966
mc037,v_economic_reality,0.0
mc037,v_emotions,0.0
mc037,v_exact_then_abc,0.0
mc037,v_help_me_guess,0.0
mc037,v_intuition,0.0
mc037,v_math,0.6896551724137931
mc037,v_media_distortion,1.0344827586206897
mc037,v_most_are_wrong_why,0.0
mc037,v_nobody_knows,0.0
mc037,v_opinon,0.3448275862068966
mc037,v_pick_most_correct,0.0
mc037,v_political_reality,0.0
mc037,v_reason_statistically,2.7586206896551726
mc037,v_reasoning,0.0
mc037,v_sensetive,0.3448275862068966
mc037,v_short,0.0
mc037,v_simplest_explanation,0.3448275862068966
mc037,v_socioeconomic_reality,0.0
mc037,v_think_most_answer,0.0
mc037,v_truth,3.103448275862069
mc037,v_who_explain,0.0
mc037,v_with_academic_terms,0.3448275862068966
mc037,v_with_layman_terms,0.3448275862068966
mc037,v_without_numbers,0.0
mc038,class_middle,0.3448275862068966
mc038,class_unknown,0.3448275862068966
mc038,class_upper,0.0
mc038,class_working,1.0344827586206897
mc038,economy_billionaire,0.6896551724137931
mc038,economy_homeless,0.6896551724137931
mc038,economy_unknown,0.0
mc038,film_action,0.3448275862068966
mc038,film_comedy,0.6896551724137931
mc038,film_horror,0.0
mc038,film_romantic,0.3448275862068966
mc038,gender_man,1.0344827586206897
mc038,gender_unknown,1.3793103448275863
mc038,gender_woman,0.3448275862068966
mc038,geo_africa,0.3448275862068966
mc038,geo_asia,1.0344827586206897
mc038,geo_brazil,0.3448275862068966
mc038,geo_china,0.6896551724137931
mc038,geo_europe,0.3448275862068966
mc038,geo_india,0.3448275862068966
mc038,geo_lat_america,0.6896551724137931
mc038,geo_nigeria,0.6896551724137931
mc038,geo_russia,0.3448275862068966
mc038,geo_soviet,0.3448275862068966
mc038,geo_unknown,0.6896551724137931
mc038,geo_usa,0.3448275862068966
mc038,ideology_capitalist,0.6896551724137931
mc038,ideology_communist,0.0
mc038,ideology_environmentalist,0.3448275862068966
mc038,ideology_liberterian,0.3448275862068966
mc038,ideology_marxist,1.3793103448275863
mc038,ideology_neoliberal,1.0344827586206897
mc038,ideology_neutral,1.0344827586206897
mc038,ideology_racist,1.7241379310344827
mc038,ideology_socialist,0.3448275862068966
mc038,iq_high,1.3793103448275863
mc038,iq_low,0.3448275862068966
mc038,mental_adhd,0.6896551724137931
mc038,mental_depression,1.0344827586206897
mc038,music_classical,0.6896551724137931
mc038,music_country,0.0
mc038,music_hiphop,0.6896551724137931
mc038,music_pop,0.0
mc038,music_techno,0.3448275862068966
mc038,neutral_tone,1.0344827586206897
mc038,no_option_letter,14.13793103448276
mc038,occupation_authors,0.6896551724137931
mc038,occupation_bakers,1.7241379310344827
mc038,occupation_bankers,2.413793103448276
mc038,occupation_bus_drivers,2.413793103448276
mc038,occupation_cleaners,1.3793103448275863
mc038,occupation_doctors,1.3793103448275863
mc038,occupation_farmers,1.7241379310344827
mc038,occupation_journalists,2.7586206896551726
mc038,occupation_nurses,0.3448275862068966
mc038,occupation_office_workers,2.413793103448276
mc038,occupation_prime_ministers,1.0344827586206897
mc038,occupation_shopkeepers,2.7586206896551726
mc038,occupation_teachers,0.6896551724137931
mc038,occupation_truck_drivers,1.7241379310344827
mc038,oneshot_v_as_a_statistician,0.3448275862068966
mc038,v_as_a_governmental_info_campaign,0.3448275862068966
mc038,v_as_a_high_school_teacher,0.0
mc038,v_as_a_museum_poster,3.793103448275862
mc038,v_as_a_news_reporter,0.0
mc038,v_as_a_news_title,2.0689655172413794
mc038,v_as_a_political_speach,1.3793103448275863
mc038,v_as_a_professor,0.3448275862068966
mc038,v_as_a_recepie,2.413793103448276
mc038,v_as_a_science_exhibition,5.862068965517241
mc038,v_as_a_social_media_post,2.7586206896551726
mc038,v_as_a_social_sciense_textbook,3.4482758620689653
mc038,v_as_a_statistician,0.0
mc038,v_as_a_talkshow,0.3448275862068966
mc038,v_as_an_activist,1.0344827586206897
mc038,v_as_an_awareness_campaign,0.0
mc038,v_cant_believe_it,2.413793103448276
mc038,v_child,3.103448275862069
mc038,v_contrafactual,4.137931034482759
mc038,v_convince_friend,3.4482758620689653
mc038,v_deduction_four_steps,0.0
mc038,v_deduction_three_steps,0.0
mc038,v_deduction_two_steps,0.0
mc038,v_detailed,2.0689655172413794
mc038,v_economic_reality,0.0
mc038,v_emotions,0.0
mc038,v_exact_then_abc,0.3448275862068966
mc038,v_help_me_guess,0.0
mc038,v_intuition,0.0
mc038,v_math,1.0344827586206897
mc038,v_media_distortion,0.0
mc038,v_most_are_wrong_why,0.0
mc038,v_nobody_knows,0.0
mc038,v_opinon,0.0
mc038,v_pick_most_correct,0.0
mc038,v_political_reality,0.0
mc038,v_reason_statistically,4.482758620689655
mc038,v_reasoning,0.3448275862068966
mc038,v_sensetive,1.0344827586206897
mc038,v_short,0.3448275862068966
mc038,v_simplest_explanation,3.103448275862069
mc038,v_socioeconomic_reality,0.3448275862068966
mc038,v_think_most_answer,0.0
mc038,v_truth,1.3793103448275863
mc038,v_who_explain,2.7586206896551726
mc038,v_with_academic_terms,1.0344827586206897
mc038,v_with_layman_terms,1.7241379310344827
mc038,v_without_numbers,1.0344827586206897
mc039,class_middle,0.0
mc039,class_unknown,0.2695417789757413
mc039,class_upper,0.2695417789757413
mc039,class_working,0.0
mc039,economy_billionaire,0.0
mc039,economy_homeless,0.0
mc039,economy_unknown,0.0
mc039,film_action,0.0
mc039,film_comedy,0.0
mc039,film_horror,0.0
mc039,film_romantic,0.0
mc039,gender_man,0.0
mc039,gender_unknown,0.0
mc039,gender_woman,0.0
mc039,geo_africa,0.0
mc039,geo_asia,0.8086253369272237
mc039,geo_brazil,0.0
mc039,geo_china,0.0
mc039,geo_europe,0.0
mc039,geo_india,0.0
mc039,geo_lat_america,0.0
mc039,geo_nigeria,0.0
mc039,geo_russia,0.0
mc039,geo_soviet,0.0
mc039,geo_unknown,0.0
mc039,geo_usa,0.0
mc039,ideology_capitalist,0.0
mc039,ideology_communist,0.0
mc039,ideology_environmentalist,0.0
mc039,ideology_liberterian,0.0
mc039,ideology_marxist,0.0
mc039,ideology_neoliberal,0.0
mc039,ideology_neutral,0.0
mc039,ideology_racist,0.0
mc039,ideology_socialist,0.0
mc039,iq_high,0.0
mc039,iq_low,0.0
mc039,mental_adhd,0.0
mc039,mental_depression,0.0
mc039,music_classical,0.0
mc039,music_country,0.0
mc039,music_hiphop,0.0
mc039,music_pop,0.0
mc039,music_techno,0.0
mc039,neutral_tone,0.0
mc039,no_option_letter,2.6954177897574128
mc039,occupation_authors,0.0
mc039,occupation_bakers,0.2695417789757413
mc039,occupation_bankers,0.0
mc039,occupation_bus_drivers,0.0
mc039,occupation_cleaners,0.0
mc039,occupation_doctors,0.2695417789757413
mc039,occupation_farmers,0.0
mc039,occupation_journalists,0.2695417789757413
mc039,occupation_nurses,0.2695417789757413
mc039,occupation_office_workers,0.2695417789757413
mc039,occupation_prime_ministers,0.0
mc039,occupation_shopkeepers,0.5390835579514826
mc039,occupation_teachers,0.2695417789757413
mc039,occupation_truck_drivers,0.8086253369272237
mc039,oneshot_v_as_a_statistician,0.0
mc039,v_as_a_governmental_info_campaign,0.0
mc039,v_as_a_high_school_teacher,0.0
mc039,v_as_a_museum_poster,0.0
mc039,v_as_a_news_reporter,0.0
mc039,v_as_a_news_title,0.0
mc039,v_as_a_political_speach,0.0
mc039,v_as_a_professor,0.0
mc039,v_as_a_recepie,0.0
mc039,v_as_a_science_exhibition,0.2695417789757413
mc039,v_as_a_social_media_post,0.5390835579514826
mc039,v_as_a_social_sciense_textbook,0.2695417789757413
mc039,v_as_a_statistician,0.0
mc039,v_as_a_talkshow,0.0
mc039,v_as_an_activist,0.0
mc039,v_as_an_awareness_campaign,0.2695417789757413
mc039,v_cant_believe_it,0.2695417789757413
mc039,v_child,1.078167115902965
mc039,v_contrafactual,0.0
mc039,v_convince_friend,0.8086253369272237
mc039,v_deduction_four_steps,0.2695417789757413
mc039,v_deduction_three_steps,0.0
mc039,v_deduction_two_steps,0.0
mc039,v_detailed,0.0
mc039,v_economic_reality,0.0
mc039,v_emotions,0.0
mc039,v_exact_then_abc,0.0
mc039,v_help_me_guess,0.0
mc039,v_intuition,0.0
mc039,v_math,1.078167115902965
mc039,v_media_distortion,0.2695417789757413
mc039,v_most_are_wrong_why,0.0
mc039,v_nobody_knows,0.0
mc039,v_opinon,0.0
mc039,v_pick_most_correct,0.0
mc039,v_political_reality,0.2695417789757413
mc039,v_reason_statistically,1.6172506738544474
mc039,v_reasoning,0.5390835579514826
mc039,v_sensetive,0.0
mc039,v_short,0.0
mc039,v_simplest_explanation,0.5390835579514826
mc039,v_socioeconomic_reality,0.5390835579514826
mc039,v_think_most_answer,0.0
mc039,v_truth,1.8867924528301887
mc039,v_who_explain,0.2695417789757413
mc039,v_with_academic_terms,0.0
mc039,v_with_layman_terms,0.0
mc039,v_without_numbers,0.0
mc040,class_middle,0.0
mc040,class_unknown,0.0
mc040,class_upper,0.0
mc040,class_working,0.0
mc040,economy_billionaire,0.273972602739726
mc040,economy_homeless,0.0
mc040,economy_unknown,0.0
mc040,film_action,0.273972602739726
mc040,film_comedy,0.0
mc040,film_horror,0.0
mc040,film_romantic,0.0
mc040,gender_man,0.0
mc040,gender_unknown,0.0
mc040,gender_woman,0.0
mc040,geo_africa,0.0
mc040,geo_asia,0.0
mc040,geo_brazil,0.0
mc040,geo_china,0.0
mc040,geo_europe,0.0
mc040,geo_india,0.0
mc040,geo_lat_america,0.0
mc040,geo_nigeria,0.0
mc040,geo_russia,0.0
mc040,geo_soviet,0.273972602739726
mc040,geo_unknown,0.273972602739726
mc040,geo_usa,0.273972602739726
mc040,ideology_capitalist,0.0
mc040,ideology_communist,0.0
mc040,ideology_environmentalist,0.0
mc040,ideology_liberterian,0.0
mc040,ideology_marxist,0.273972602739726
mc040,ideology_neoliberal,0.0
mc040,ideology_neutral,0.0
mc040,ideology_racist,0.0
mc040,ideology_socialist,0.0
mc040,iq_high,0.0
mc040,iq_low,0.0
mc040,mental_adhd,0.0
mc040,mental_depression,0.273972602739726
mc040,music_classical,0.0
mc040,music_country,0.0
mc040,music_hiphop,0.0
mc040,music_pop,0.273972602739726
mc040,music_techno,0.0
mc040,neutral_tone,0.0
mc040,no_option_letter,0.273972602739726
mc040,occupation_authors,0.0
mc040,occupation_bakers,0.0
mc040,occupation_bankers,0.0
mc040,occupation_bus_drivers,0.0
mc040,occupation_cleaners,0.0
mc040,occupation_doctors,0.0
mc040,occupation_farmers,0.0
mc040,occupation_journalists,0.0
mc040,occupation_nurses,0.0
mc040,occupation_office_workers,0.0
mc040,occupation_prime_ministers,0.0
mc040,occupation_shopkeepers,0.0
mc040,occupation_teachers,0.0
mc040,occupation_truck_drivers,0.0
mc040,oneshot_v_as_a_statistician,0.0
mc040,v_as_a_governmental_info_campaign,0.273972602739726
mc040,v_as_a_high_school_teacher,0.0
mc040,v_as_a_museum_poster,0.547945205479452
mc040,v_as_a_news_reporter,0.273972602739726
mc040,v_as_a_news_title,0.273972602739726
mc040,v_as_a_political_speach,0.0
mc040,v_as_a_professor,0.0
mc040,v_as_a_recepie,0.273972602739726
mc040,v_as_a_science_exhibition,0.0
mc040,v_as_a_social_media_post,5.205479452054795
mc040,v_as_a_social_sciense_textbook,0.0
mc040,v_as_a_statistician,1.643835616438356
mc040,v_as_a_talkshow,0.0
mc040,v_as_an_activist,0.0
mc040,v_as_an_awareness_campaign,0.273972602739726
mc040,v_cant_believe_it,0.0
mc040,v_child,0.0
mc040,v_contrafactual,0.0
mc040,v_convince_friend,0.0
mc040,v_deduction_four_steps,0.0
mc040,v_deduction_three_steps,0.0
mc040,v_deduction_two_steps,0.0
mc040,v_detailed,0.273972602739726
mc040,v_economic_reality,0.0
mc040,v_emotions,0.0
mc040,v_exact_then_abc,0.0
mc040,v_help_me_guess,0.547945205479452
mc040,v_intuition,0.0
mc040,v_math,0.273972602739726
mc040,v_media_distortion,0.0
mc040,v_most_are_wrong_why,0.0
mc040,v_nobody_knows,0.0
mc040,v_opinon,0.0
mc040,v_pick_most_correct,0.0
mc040,v_political_reality,0.0
mc040,v_reason_statistically,14.520547945205479
mc040,v_reasoning,0.273972602739726
mc040,v_sensetive,0.0
mc040,v_short,0.0
mc040,v_simplest_explanation,0.0
mc040,v_socioeconomic_reality,0.0
mc040,v_think_most_answer,0.0
mc040,v_truth,0.547945205479452
mc040,v_who_explain,0.0
mc040,v_with_academic_terms,0.0
mc040,v_with_layman_terms,0.0
mc040,v_without_numbers,0.0
mc041,class_middle,0.273972602739726
mc041,class_unknown,0.0
mc041,class_upper,0.273972602739726
mc041,class_working,0.0
mc041,economy_billionaire,0.547945205479452
mc041,economy_homeless,0.0
mc041,economy_unknown,0.0
mc041,film_action,0.0
mc041,film_comedy,0.273972602739726
mc041,film_horror,0.0
mc041,film_romantic,0.273972602739726
mc041,gender_man,0.0
mc041,gender_unknown,0.0
mc041,gender_woman,0.0
mc041,geo_africa,0.0
mc041,geo_asia,0.273972602739726
mc041,geo_brazil,0.273972602739726
mc041,geo_china,1.095890410958904
mc041,geo_europe,0.0
mc041,geo_india,0.273972602739726
mc041,geo_lat_america,0.0
mc041,geo_nigeria,0.547945205479452
mc041,geo_russia,0.547945205479452
mc041,geo_soviet,0.273972602739726
mc041,geo_unknown,0.273972602739726
mc041,geo_usa,0.0
mc041,ideology_capitalist,0.273972602739726
mc041,ideology_communist,0.273972602739726
mc041,ideology_environmentalist,0.0
mc041,ideology_liberterian,0.273972602739726
mc041,ideology_marxist,0.273972602739726
mc041,ideology_neoliberal,0.273972602739726
mc041,ideology_neutral,0.0
mc041,ideology_racist,0.273972602739726
mc041,ideology_socialist,0.273972602739726
mc041,iq_high,0.821917808219178
mc041,iq_low,0.273972602739726
mc041,mental_adhd,0.547945205479452
mc041,mental_depression,0.0
mc041,music_classical,0.273972602739726
mc041,music_country,0.0
mc041,music_hiphop,0.0
mc041,music_pop,0.273972602739726
mc041,music_techno,0.273972602739726
mc041,neutral_tone,1.095890410958904
mc041,no_option_letter,2.191780821917808
mc041,occupation_authors,0.821917808219178
mc041,occupation_bakers,0.547945205479452
mc041,occupation_bankers,0.273972602739726
mc041,occupation_bus_drivers,0.821917808219178
mc041,occupation_cleaners,0.273972602739726
mc041,occupation_doctors,0.273972602739726
mc041,occupation_farmers,0.273972602739726
mc041,occupation_journalists,0.821917808219178
mc041,occupation_nurses,0.547945205479452
mc041,occupation_office_workers,1.095890410958904
mc041,occupation_prime_ministers,0.273972602739726
mc041,occupation_shopkeepers,0.821917808219178
mc041,occupation_teachers,0.821917808219178
mc041,occupation_truck_drivers,1.095890410958904
mc041,oneshot_v_as_a_statistician,0.547945205479452
mc041,v_as_a_governmental_info_campaign,1.36986301369863
mc041,v_as_a_high_school_teacher,0.273972602739726
mc041,v_as_a_museum_poster,0.273972602739726
mc041,v_as_a_news_reporter,1.095890410958904
mc041,v_as_a_news_title,0.273972602739726
mc041,v_as_a_political_speach,2.191780821917808
mc041,v_as_a_professor,0.547945205479452
mc041,v_as_a_recepie,0.273972602739726
mc041,v_as_a_science_exhibition,0.547945205479452
mc041,v_as_a_social_media_post,1.36986301369863
mc041,v_as_a_social_sciense_textbook,1.095890410958904
mc041,v_as_a_statistician,1.643835616438356
mc041,v_as_a_talkshow,0.0
mc041,v_as_an_activist,3.5616438356164384
mc041,v_as_an_awareness_campaign,1.095890410958904
mc041,v_cant_believe_it,0.0
mc041,v_child,3.8356164383561646
mc041,v_contrafactual,0.273972602739726
mc041,v_convince_friend,2.191780821917808
mc041,v_deduction_four_steps,0.0
mc041,v_deduction_three_steps,0.0
mc041,v_deduction_two_steps,0.0
mc041,v_detailed,3.0136986301369864
mc041,v_economic_reality,0.0
mc041,v_emotions,0.0
mc041,v_exact_then_abc,0.273972602739726
mc041,v_help_me_guess,0.547945205479452
mc041,v_intuition,0.0
mc041,v_math,1.36986301369863
mc041,v_media_distortion,0.273972602739726
mc041,v_most_are_wrong_why,0.0
mc041,v_nobody_knows,0.273972602739726
mc041,v_opinon,0.0
mc041,v_pick_most_correct,0.547945205479452
mc041,v_political_reality,0.0
mc041,v_reason_statistically,32.602739726027394
mc041,v_reasoning,2.4657534246575343
mc041,v_sensetive,0.821917808219178
mc041,v_short,0.821917808219178
mc041,v_simplest_explanation,3.8356164383561646
mc041,v_socioeconomic_reality,0.273972602739726
mc041,v_think_most_answer,0.0
mc041,v_truth,7.9452054794520555
mc041,v_who_explain,5.205479452054795
mc041,v_with_academic_terms,0.821917808219178
mc041,v_with_layman_terms,1.095890410958904
mc041,v_without_numbers,0.0
mc043,class_middle,0.273972602739726
mc043,class_unknown,0.273972602739726
mc043,class_upper,0.273972602739726
mc043,class_working,0.0
mc043,economy_billionaire,0.0
mc043,economy_homeless,0.0
mc043,economy_unknown,0.0
mc043,film_action,0.0
mc043,film_comedy,0.0
mc043,film_horror,0.0
mc043,film_romantic,0.0
mc043,gender_man,0.0
mc043,gender_unknown,0.0
mc043,gender_woman,0.273972602739726
mc043,geo_africa,0.0
mc043,geo_asia,0.0
mc043,geo_brazil,0.273972602739726
mc043,geo_china,0.273972602739726
mc043,geo_europe,0.273972602739726
mc043,geo_india,0.273972602739726
mc043,geo_lat_america,0.273972602739726
mc043,geo_nigeria,0.0
mc043,geo_russia,0.547945205479452
mc043,geo_soviet,0.0
mc043,geo_unknown,0.0
mc043,geo_usa,0.273972602739726
mc043,ideology_capitalist,0.0
mc043,ideology_communist,0.0
mc043,ideology_environmentalist,0.0
mc043,ideology_liberterian,0.0
mc043,ideology_marxist,0.273972602739726
mc043,ideology_neoliberal,0.273972602739726
mc043,ideology_neutral,0.273972602739726
mc043,ideology_racist,15.616438356164384
mc043,ideology_socialist,0.0
mc043,iq_high,0.273972602739726
mc043,iq_low,0.0
mc043,mental_adhd,0.0
mc043,mental_depression,0.273972602739726
mc043,music_classical,0.0
mc043,music_country,0.821917808219178
mc043,music_hiphop,0.0
mc043,music_pop,0.0
mc043,music_techno,0.0
mc043,neutral_tone,0.0
mc043,no_option_letter,0.547945205479452
mc043,occupation_authors,0.0
mc043,occupation_bakers,1.095890410958904
mc043,occupation_bankers,0.821917808219178
mc043,occupation_bus_drivers,0.273972602739726
mc043,occupation_cleaners,0.273972602739726
mc043,occupation_doctors,0.821917808219178
mc043,occupation_farmers,1.36986301369863
mc043,occupation_journalists,0.0
mc043,occupation_nurses,0.0
mc043,occupation_office_workers,0.821917808219178
mc043,occupation_prime_ministers,0.0
mc043,occupation_shopkeepers,0.547945205479452
mc043,occupation_teachers,0.273972602739726
mc043,occupation_truck_drivers,0.547945205479452
mc043,oneshot_v_as_a_statistician,0.0
mc043,v_as_a_governmental_info_campaign,0.0
mc043,v_as_a_high_school_teacher,0.0
mc043,v_as_a_museum_poster,0.821917808219178
mc043,v_as_a_news_reporter,0.821917808219178
mc043,v_as_a_news_title,1.095890410958904
mc043,v_as_a_political_speach,0.547945205479452
mc043,v_as_a_professor,0.0
mc043,v_as_a_recepie,0.0
mc043,v_as_a_science_exhibition,0.273972602739726
mc043,v_as_a_social_media_post,4.657534246575342
mc043,v_as_a_social_sciense_textbook,0.273972602739726
mc043,v_as_a_statistician,0.0
mc043,v_as_a_talkshow,0.273972602739726
mc043,v_as_an_activist,0.0
mc043,v_as_an_awareness_campaign,0.547945205479452
mc043,v_cant_believe_it,0.273972602739726
mc043,v_child,0.821917808219178
mc043,v_contrafactual,0.273972602739726
mc043,v_convince_friend,0.273972602739726
mc043,v_deduction_four_steps,0.0
mc043,v_deduction_three_steps,0.0
mc043,v_deduction_two_steps,0.0
mc043,v_detailed,0.273972602739726
mc043,v_economic_reality,0.0
mc043,v_emotions,0.273972602739726
mc043,v_exact_then_abc,0.0
mc043,v_help_me_guess,0.0
mc043,v_intuition,0.0
mc043,v_math,0.0
mc043,v_media_distortion,0.547945205479452
mc043,v_most_are_wrong_why,0.0
mc043,v_nobody_knows,0.0
mc043,v_opinon,0.0
mc043,v_pick_most_correct,0.273972602739726
mc043,v_political_reality,0.0
mc043,v_reason_statistically,0.547945205479452
mc043,v_reasoning,0.547945205479452
mc043,v_sensetive,0.0
mc043,v_short,0.273972602739726
mc043,v_simplest_explanation,0.0
mc043,v_socioeconomic_reality,0.273972602739726
mc043,v_think_most_answer,0.273972602739726
mc043,v_truth,1.36986301369863
mc043,v_who_explain,0.273972602739726
mc043,v_with_academic_terms,0.0
mc043,v_with_layman_terms,0.0
mc043,v_without_numbers,0.0
mc044,class_middle,0.821917808219178
mc044,class_unknown,1.095890410958904
mc044,class_upper,0.0
mc044,class_working,1.9178082191780823
mc044,economy_billionaire,0.273972602739726
mc044,economy_homeless,0.547945205479452
mc044,economy_unknown,3.0136986301369864
mc044,film_action,0.0
mc044,film_comedy,0.273972602739726
mc044,film_horror,0.273972602739726
mc044,film_romantic,0.821917808219178
mc044,gender_man,1.36986301369863
mc044,gender_unknown,0.821917808219178
mc044,gender_woman,1.643835616438356
mc044,geo_africa,0.273972602739726
mc044,geo_asia,0.547945205479452
mc044,geo_brazil,0.821917808219178
mc044,geo_china,0.273972602739726
mc044,geo_europe,0.273972602739726
mc044,geo_india,0.273972602739726
mc044,geo_lat_america,0.547945205479452
mc044,geo_nigeria,1.643835616438356
mc044,geo_russia,0.273972602739726
mc044,geo_soviet,0.273972602739726
mc044,geo_unknown,5.205479452054795
mc044,geo_usa,0.547945205479452
mc044,ideology_capitalist,0.0
mc044,ideology_communist,0.547945205479452
mc044,ideology_environmentalist,1.095890410958904
mc044,ideology_liberterian,1.36986301369863
mc044,ideology_marxist,3.0136986301369864
mc044,ideology_neoliberal,0.273972602739726
mc044,ideology_neutral,0.547945205479452
mc044,ideology_racist,2.191780821917808
mc044,ideology_socialist,1.095890410958904
mc044,iq_high,1.095890410958904
mc044,iq_low,1.36986301369863
mc044,mental_adhd,1.36986301369863
mc044,mental_depression,1.095890410958904
mc044,music_classical,0.821917808219178
mc044,music_country,1.36986301369863
mc044,music_hiphop,1.095890410958904
mc044,music_pop,0.273972602739726
mc044,music_techno,0.821917808219178
mc044,neutral_tone,0.821917808219178
mc044,no_option_letter,0.547945205479452
mc044,occupation_authors,2.73972602739726
mc044,occupation_bakers,0.821917808219178
mc044,occupation_bankers,0.821917808219178
mc044,occupation_bus_drivers,1.095890410958904
mc044,occupation_cleaners,0.273972602739726
mc044,occupation_doctors,1.36986301369863
mc044,occupation_farmers,0.0
mc044,occupation_journalists,0.821917808219178
mc044,occupation_nurses,0.821917808219178
mc044,occupation_office_workers,1.095890410958904
mc044,occupation_prime_ministers,0.273972602739726
mc044,occupation_shopkeepers,0.547945205479452
mc044,occupation_teachers,1.9178082191780823
mc044,occupation_truck_drivers,1.36986301369863
mc044,oneshot_v_as_a_statistician,0.273972602739726
mc044,v_as_a_governmental_info_campaign,1.643835616438356
mc044,v_as_a_high_school_teacher,0.547945205479452
mc044,v_as_a_museum_poster,0.821917808219178
mc044,v_as_a_news_reporter,0.0
mc044,v_as_a_news_title,0.273972602739726
mc044,v_as_a_political_speach,0.273972602739726
mc044,v_as_a_professor,0.0
mc044,v_as_a_recepie,0.273972602739726
mc044,v_as_a_science_exhibition,2.4657534246575343
mc044,v_as_a_social_media_post,1.36986301369863
mc044,v_as_a_social_sciense_textbook,0.273972602739726
mc044,v_as_a_statistician,1.095890410958904
mc044,v_as_a_talkshow,0.547945205479452
mc044,v_as_an_activist,0.273972602739726
mc044,v_as_an_awareness_campaign,1.36986301369863
mc044,v_cant_believe_it,2.73972602739726
mc044,v_child,1.9178082191780823
mc044,v_contrafactual,0.821917808219178
mc044,v_convince_friend,2.191780821917808
mc044,v_deduction_four_steps,0.0
mc044,v_deduction_three_steps,0.0
mc044,v_deduction_two_steps,0.0
mc044,v_detailed,1.643835616438356
mc044,v_economic_reality,0.0
mc044,v_emotions,0.273972602739726
mc044,v_exact_then_abc,0.547945205479452
mc044,v_help_me_guess,1.095890410958904
mc044,v_intuition,0.0
mc044,v_math,1.643835616438356
mc044,v_media_distortion,0.0
mc044,v_most_are_wrong_why,0.0
mc044,v_nobody_knows,0.0
mc044,v_opinon,0.821917808219178
mc044,v_pick_most_correct,0.0
mc044,v_political_reality,0.0
mc044,v_reason_statistically,3.287671232876712
mc044,v_reasoning,0.273972602739726
mc044,v_sensetive,0.821917808219178
mc044,v_short,0.273972602739726
mc044,v_simplest_explanation,1.643835616438356
mc044,v_socioeconomic_reality,0.273972602739726
mc044,v_think_most_answer,1.643835616438356
mc044,v_truth,1.643835616438356
mc044,v_who_explain,1.095890410958904
mc044,v_with_academic_terms,0.0
mc044,v_with_layman_terms,1.36986301369863
mc044,v_without_numbers,0.821917808219178
mc045,class_middle,0.0
mc045,class_unknown,0.0
mc045,class_upper,0.273972602739726
mc045,class_working,0.0
mc045,economy_billionaire,0.0
mc045,economy_homeless,0.0
mc045,economy_unknown,0.0
mc045,film_action,0.0
mc045,film_comedy,0.0
mc045,film_horror,0.0
mc045,film_romantic,0.0
mc045,gender_man,0.0
mc045,gender_unknown,0.0
mc045,gender_woman,0.0
mc045,geo_africa,0.0
mc045,geo_asia,0.0
mc045,geo_brazil,0.0
mc045,geo_china,0.0
mc045,geo_europe,0.0
mc045,geo_india,0.0
mc045,geo_lat_america,0.0
mc045,geo_nigeria,0.0
mc045,geo_russia,0.0
mc045,geo_soviet,0.0
mc045,geo_unknown,0.0
mc045,geo_usa,0.0
mc045,ideology_capitalist,0.0
mc045,ideology_communist,0.0
mc045,ideology_environmentalist,0.0
mc045,ideology_liberterian,0.0
mc045,ideology_marxist,0.0
mc045,ideology_neoliberal,0.0
mc045,ideology_neutral,0.0
mc045,ideology_racist,27.397260273972602
mc045,ideology_socialist,0.0
mc045,iq_high,0.0
mc045,iq_low,0.273972602739726
mc045,mental_adhd,0.0
mc045,mental_depression,0.0
mc045,music_classical,0.0
mc045,music_country,0.0
mc045,music_hiphop,0.0
mc045,music_pop,0.0
mc045,music_techno,0.0
mc045,neutral_tone,0.0
mc045,no_option_letter,0.0
mc045,occupation_authors,0.0
mc045,occupation_bakers,1.36986301369863
mc045,occupation_bankers,4.10958904109589
mc045,occupation_bus_drivers,2.4657534246575343
mc045,occupation_cleaners,0.0
mc045,occupation_doctors,2.73972602739726
mc045,occupation_farmers,3.0136986301369864
mc045,occupation_journalists,3.0136986301369864
mc045,occupation_nurses,3.287671232876712
mc045,occupation_office_workers,1.36986301369863
mc045,occupation_prime_ministers,0.0
mc045,occupation_shopkeepers,1.36986301369863
mc045,occupation_teachers,0.547945205479452
mc045,occupation_truck_drivers,3.8356164383561646
mc045,oneshot_v_as_a_statistician,0.273972602739726
mc045,v_as_a_governmental_info_campaign,0.273972602739726
mc045,v_as_a_high_school_teacher,0.0
mc045,v_as_a_museum_poster,0.0
mc045,v_as_a_news_reporter,0.0
mc045,v_as_a_news_title,0.0
mc045,v_as_a_political_speach,0.273972602739726
mc045,v_as_a_professor,0.0
mc045,v_as_a_recepie,0.0
mc045,v_as_a_science_exhibition,0.0
mc045,v_as_a_social_media_post,0.547945205479452
mc045,v_as_a_social_sciense_textbook,0.0
mc045,v_as_a_statistician,0.0
mc045,v_as_a_talkshow,0.0
mc045,v_as_an_activist,0.273972602739726
mc045,v_as_an_awareness_campaign,0.273972602739726
mc045,v_cant_believe_it,0.273972602739726
mc045,v_child,0.0
mc045,v_contrafactual,0.0
mc045,v_convince_friend,0.0
mc045,v_deduction_four_steps,0.0
mc045,v_deduction_three_steps,0.0
mc045,v_deduction_two_steps,0.0
mc045,v_detailed,0.273972602739726
mc045,v_economic_reality,0.0
mc045,v_emotions,0.0
mc045,v_exact_then_abc,0.273972602739726
mc045,v_help_me_guess,0.0
mc045,v_intuition,0.0
mc045,v_math,0.0
mc045,v_media_distortion,0.0
mc045,v_most_are_wrong_why,0.0
mc045,v_nobody_knows,0.0
mc045,v_opinon,0.0
mc045,v_pick_most_correct,0.0
mc045,v_political_reality,0.0
mc045,v_reason_statistically,0.821917808219178
mc045,v_reasoning,0.273972602739726
mc045,v_sensetive,0.0
mc045,v_short,0.0
mc045,v_simplest_explanation,0.547945205479452
mc045,v_socioeconomic_reality,0.0
mc045,v_think_most_answer,0.0
mc045,v_truth,0.547945205479452
mc045,v_who_explain,0.821917808219178
mc045,v_with_academic_terms,0.0
mc045,v_with_layman_terms,0.0
mc045,v_without_numbers,0.0
mc046,class_middle,0.273972602739726
mc046,class_unknown,0.0
mc046,class_upper,0.0
mc046,class_working,0.0
mc046,economy_billionaire,0.0
mc046,economy_homeless,0.0
mc046,economy_unknown,0.0
mc046,film_action,0.0
mc046,film_comedy,0.0
mc046,film_horror,0.0
mc046,film_romantic,0.273972602739726
mc046,gender_man,0.0
mc046,gender_unknown,0.0
mc046,gender_woman,0.0
mc046,geo_africa,0.273972602739726
mc046,geo_asia,0.547945205479452
mc046,geo_brazil,0.0
mc046,geo_china,0.0
mc046,geo_europe,0.0
mc046,geo_india,0.0
mc046,geo_lat_america,0.0
mc046,geo_nigeria,0.0
mc046,geo_russia,0.0
mc046,geo_soviet,0.0
mc046,geo_unknown,0.0
mc046,geo_usa,0.0
mc046,ideology_capitalist,0.273972602739726
mc046,ideology_communist,0.273972602739726
mc046,ideology_environmentalist,0.0
mc046,ideology_liberterian,0.0
mc046,ideology_marxist,0.273972602739726
mc046,ideology_neoliberal,0.0
mc046,ideology_neutral,0.0
mc046,ideology_racist,0.273972602739726
mc046,ideology_socialist,0.273972602739726
mc046,iq_high,0.0
mc046,iq_low,0.0
mc046,mental_adhd,0.0
mc046,mental_depression,0.0
mc046,music_classical,0.0
mc046,music_country,0.0
mc046,music_hiphop,0.0
mc046,music_pop,0.0
mc046,music_techno,0.0
mc046,neutral_tone,0.0
mc046,no_option_letter,0.273972602739726
mc046,occupation_authors,0.0
mc046,occupation_bakers,0.273972602739726
mc046,occupation_bankers,0.273972602739726
mc046,occupation_bus_drivers,0.273972602739726
mc046,occupation_cleaners,0.0
mc046,occupation_doctors,0.547945205479452
mc046,occupation_farmers,0.547945205479452
mc046,occupation_journalists,0.547945205479452
mc046,occupation_nurses,0.273972602739726
mc046,occupation_office_workers,0.273972602739726
mc046,occupation_prime_ministers,0.0
mc046,occupation_shopkeepers,0.0
mc046,occupation_teachers,0.0
mc046,occupation_truck_drivers,0.0
mc046,oneshot_v_as_a_statistician,0.0
mc046,v_as_a_governmental_info_campaign,0.0
mc046,v_as_a_high_school_teacher,0.0
mc046,v_as_a_museum_poster,0.0
mc046,v_as_a_news_reporter,0.0
mc046,v_as_a_news_title,0.0
mc046,v_as_a_political_speach,0.0
mc046,v_as_a_professor,0.0
mc046,v_as_a_recepie,0.0
mc046,v_as_a_science_exhibition,0.0
mc046,v_as_a_social_media_post,0.273972602739726
mc046,v_as_a_social_sciense_textbook,0.273972602739726
mc046,v_as_a_statistician,0.0
mc046,v_as_a_talkshow,0.0
mc046,v_as_an_activist,0.0
mc046,v_as_an_awareness_campaign,0.0
mc046,v_cant_believe_it,0.0
mc046,v_child,0.0
mc046,v_contrafactual,0.0
mc046,v_convince_friend,0.0
mc046,v_deduction_four_steps,0.0
mc046,v_deduction_three_steps,0.0
mc046,v_deduction_two_steps,0.0
mc046,v_detailed,0.0
mc046,v_economic_reality,0.273972602739726
mc046,v_emotions,0.0
mc046,v_exact_then_abc,0.0
mc046,v_help_me_guess,0.0
mc046,v_intuition,0.0
mc046,v_math,0.0
mc046,v_media_distortion,0.0
mc046,v_most_are_wrong_why,0.0
mc046,v_nobody_knows,0.0
mc046,v_opinon,0.0
mc046,v_pick_most_correct,0.0
mc046,v_political_reality,0.273972602739726
mc046,v_reason_statistically,0.547945205479452
mc046,v_reasoning,0.0
mc046,v_sensetive,0.547945205479452
mc046,v_short,0.0
mc046,v_simplest_explanation,0.273972602739726
mc046,v_socioeconomic_reality,0.273972602739726
mc046,v_think_most_answer,0.0
mc046,v_truth,0.273972602739726
mc046,v_who_explain,0.547945205479452
mc046,v_with_academic_terms,0.0
mc046,v_with_layman_terms,0.0
mc046,v_without_numbers,0.0
mc047,class_middle,0.0
mc047,class_unknown,0.0
mc047,class_upper,0.0
mc047,class_working,0.0
mc047,economy_billionaire,0.0
mc047,economy_homeless,0.0
mc047,economy_unknown,0.0
mc047,film_action,0.0
mc047,film_comedy,0.0
mc047,film_horror,0.0
mc047,film_romantic,0.0
mc047,gender_man,0.0
mc047,gender_unknown,0.0
mc047,gender_woman,0.0
mc047,geo_africa,0.0
mc047,geo_asia,0.0
mc047,geo_brazil,0.0
mc047,geo_china,0.0
mc047,geo_europe,0.0
mc047,geo_india,0.0
mc047,geo_lat_america,0.0
mc047,geo_nigeria,0.273972602739726
mc047,geo_russia,0.0
mc047,geo_soviet,0.0
mc047,geo_unknown,0.0
mc047,geo_usa,0.0
mc047,ideology_capitalist,0.0
mc047,ideology_communist,0.0
mc047,ideology_environmentalist,0.0
mc047,ideology_liberterian,0.0
mc047,ideology_marxist,0.0
mc047,ideology_neoliberal,0.0
mc047,ideology_neutral,0.273972602739726
mc047,ideology_racist,0.0
mc047,ideology_socialist,0.0
mc047,iq_high,0.0
mc047,iq_low,0.0
mc047,mental_adhd,0.0
mc047,mental_depression,0.0
mc047,music_classical,0.0
mc047,music_country,0.0
mc047,music_hiphop,0.0
mc047,music_pop,0.0
mc047,music_techno,0.0
mc047,neutral_tone,0.0
mc047,no_option_letter,0.821917808219178
mc047,occupation_authors,0.0
mc047,occupation_bakers,0.821917808219178
mc047,occupation_bankers,1.643835616438356
mc047,occupation_bus_drivers,0.821917808219178
mc047,occupation_cleaners,0.0
mc047,occupation_doctors,1.643835616438356
mc047,occupation_farmers,0.547945205479452
mc047,occupation_journalists,0.547945205479452
mc047,occupation_nurses,0.547945205479452
mc047,occupation_office_workers,1.095890410958904
mc047,occupation_prime_ministers,0.0
mc047,occupation_shopkeepers,1.095890410958904
mc047,occupation_teachers,0.821917808219178
mc047,occupation_truck_drivers,1.095890410958904
mc047,oneshot_v_as_a_statistician,0.273972602739726
mc047,v_as_a_governmental_info_campaign,0.0
mc047,v_as_a_high_school_teacher,0.0
mc047,v_as_a_museum_poster,0.0
mc047,v_as_a_news_reporter,0.273972602739726
mc047,v_as_a_news_title,0.0
mc047,v_as_a_political_speach,0.0
mc047,v_as_a_professor,0.0
mc047,v_as_a_recepie,0.0
mc047,v_as_a_science_exhibition,0.0
mc047,v_as_a_social_media_post,0.273972602739726
mc047,v_as_a_social_sciense_textbook,0.0
mc047,v_as_a_statistician,0.0
mc047,v_as_a_talkshow,0.0
mc047,v_as_an_activist,0.273972602739726
mc047,v_as_an_awareness_campaign,0.273972602739726
mc047,v_cant_believe_it,0.0
mc047,v_child,0.273972602739726
mc047,v_contrafactual,0.273972602739726
mc047,v_convince_friend,0.547945205479452
mc047,v_deduction_four_steps,0.0
mc047,v_deduction_three_steps,0.0
mc047,v_deduction_two_steps,0.0
mc047,v_detailed,0.0
mc047,v_economic_reality,0.0
mc047,v_emotions,0.0
mc047,v_exact_then_abc,0.0
mc047,v_help_me_guess,0.273972602739726
mc047,v_intuition,0.0
mc047,v_math,0.0
mc047,v_media_distortion,0.273972602739726
mc047,v_most_are_wrong_why,0.0
mc047,v_nobody_knows,0.0
mc047,v_opinon,0.0
mc047,v_pick_most_correct,0.0
mc047,v_political_reality,0.0
mc047,v_reason_statistically,2.4657534246575343
mc047,v_reasoning,0.0
mc047,v_sensetive,0.0
mc047,v_short,0.0
mc047,v_simplest_explanation,0.273972602739726
mc047,v_socioeconomic_reality,0.0
mc047,v_think_most_answer,0.0
mc047,v_truth,0.0
mc047,v_who_explain,0.0
mc047,v_with_academic_terms,0.0
mc047,v_with_layman_terms,0.0
mc047,v_without_numbers,0.0
mc049,class_middle,0.0
mc049,class_unknown,0.0
mc049,class_upper,0.0
mc049,class_working,0.0
mc049,economy_billionaire,0.273972602739726
mc049,economy_homeless,0.0
mc049,economy_unknown,0.0
mc049,film_action,0.0
mc049,film_comedy,0.0
mc049,film_horror,0.0
mc049,film_romantic,0.0
mc049,gender_man,0.0
mc049,gender_unknown,0.0
mc049,gender_woman,0.273972602739726
mc049,geo_africa,0.0
mc049,geo_asia,0.0
mc049,geo_brazil,0.0
mc049,geo_china,0.273972602739726
mc049,geo_europe,0.0
mc049,geo_india,0.273972602739726
mc049,geo_lat_america,0.0
mc049,geo_nigeria,0.0
mc049,geo_russia,0.0
mc049,geo_soviet,0.0
mc049,geo_unknown,0.0
mc049,geo_usa,0.273972602739726
mc049,ideology_capitalist,0.0
mc049,ideology_communist,0.273972602739726
mc049,ideology_environmentalist,0.0
mc049,ideology_liberterian,0.273972602739726
mc049,ideology_marxist,0.0
mc049,ideology_neoliberal,0.0
mc049,ideology_neutral,0.273972602739726
mc049,ideology_racist,16.986301369863014
mc049,ideology_socialist,0.0
mc049,iq_high,0.273972602739726
mc049,iq_low,0.273972602739726
mc049,mental_adhd,0.273972602739726
mc049,mental_depression,0.273972602739726
mc049,music_classical,0.0
mc049,music_country,0.0
mc049,music_hiphop,0.0
mc049,music_pop,0.0
mc049,music_techno,0.0
mc049,neutral_tone,0.0
mc049,no_option_letter,0.547945205479452
mc049,occupation_authors,0.273972602739726
mc049,occupation_bakers,0.0
mc049,occupation_bankers,0.821917808219178
mc049,occupation_bus_drivers,0.273972602739726
mc049,occupation_cleaners,0.547945205479452
mc049,occupation_doctors,1.095890410958904
mc049,occupation_farmers,0.0
mc049,occupation_journalists,0.0
mc049,occupation_nurses,0.0
mc049,occupation_office_workers,1.643835616438356
mc049,occupation_prime_ministers,0.273972602739726
mc049,occupation_shopkeepers,0.273972602739726
mc049,occupation_teachers,0.273972602739726
mc049,occupation_truck_drivers,0.273972602739726
mc049,oneshot_v_as_a_statistician,0.0
mc049,source_wikipedia,0.273972602739726
mc049,v_as_a_governmental_info_campaign,0.0
mc049,v_as_a_high_school_teacher,0.273972602739726
mc049,v_as_a_museum_poster,0.0
mc049,v_as_a_news_reporter,0.547945205479452
mc049,v_as_a_news_title,0.273972602739726
mc049,v_as_a_political_speach,0.273972602739726
mc049,v_as_a_professor,0.273972602739726
mc049,v_as_a_recepie,0.0
mc049,v_as_a_science_exhibition,0.273972602739726
mc049,v_as_a_social_media_post,0.273972602739726
mc049,v_as_a_social_sciense_textbook,0.0
mc049,v_as_a_statistician,0.273972602739726
mc049,v_as_a_talkshow,0.273972602739726
mc049,v_as_an_activist,0.273972602739726
mc049,v_as_an_awareness_campaign,0.273972602739726
mc049,v_cant_believe_it,0.0
mc049,v_child,0.0
mc049,v_contrafactual,0.0
mc049,v_convince_friend,0.821917808219178
mc049,v_deduction_four_steps,0.0
mc049,v_deduction_three_steps,0.0
mc049,v_deduction_two_steps,0.0
mc049,v_detailed,0.273972602739726
mc049,v_economic_reality,0.821917808219178
mc049,v_emotions,0.547945205479452
mc049,v_exact_then_abc,0.273972602739726
mc049,v_help_me_guess,0.547945205479452
mc049,v_intuition,0.273972602739726
mc049,v_math,0.273972602739726
mc049,v_media_distortion,0.0
mc049,v_most_are_wrong_why,0.273972602739726
mc049,v_nobody_knows,0.273972602739726
mc049,v_opinon,0.273972602739726
mc049,v_pick_most_correct,0.547945205479452
mc049,v_political_reality,0.821917808219178
mc049,v_reason_statistically,0.273972602739726
mc049,v_reasoning,0.821917808219178
mc049,v_sensetive,0.273972602739726
mc049,v_short,0.273972602739726
mc049,v_simplest_explanation,0.0
mc049,v_socioeconomic_reality,0.0
mc049,v_think_most_answer,0.821917808219178
mc049,v_truth,1.36986301369863
mc049,v_who_explain,0.547945205479452
mc049,v_with_academic_terms,0.0
mc049,v_with_layman_terms,0.273972602739726
mc049,v_without_numbers,0.273972602739726
mc050,class_middle,0.0
mc050,class_unknown,1.643835616438356
mc050,class_upper,0.0
mc050,class_working,0.0
mc050,economy_billionaire,0.0
mc050,economy_homeless,0.821917808219178
mc050,economy_unknown,1.095890410958904
mc050,film_action,0.273972602739726
mc050,film_comedy,0.273972602739726
mc050,film_horror,0.0
mc050,film_romantic,0.0
mc050,gender_man,1.36986301369863
mc050,gender_unknown,1.36986301369863
mc050,gender_woman,0.821917808219178
mc050,geo_africa,0.0
mc050,geo_asia,0.273972602739726
mc050,geo_brazil,0.273972602739726
mc050,geo_china,0.0
mc050,geo_europe,0.0
mc050,geo_india,0.547945205479452
mc050,geo_lat_america,0.273972602739726
mc050,geo_nigeria,0.0
mc050,geo_russia,0.0
mc050,geo_soviet,0.0
mc050,geo_unknown,2.4657534246575343
mc050,geo_usa,0.547945205479452
mc050,ideology_capitalist,0.273972602739726
mc050,ideology_communist,0.0
mc050,ideology_environmentalist,0.273972602739726
mc050,ideology_liberterian,0.0
mc050,ideology_marxist,0.547945205479452
mc050,ideology_neoliberal,0.0
mc050,ideology_neutral,1.36986301369863
mc050,ideology_racist,38.35616438356164
mc050,ideology_socialist,0.0
mc050,iq_high,0.0
mc050,iq_low,0.821917808219178
mc050,mental_adhd,0.273972602739726
mc050,mental_depression,0.273972602739726
mc050,music_classical,0.0
mc050,music_country,0.821917808219178
mc050,music_hiphop,0.0
mc050,music_pop,0.0
mc050,music_techno,0.0
mc050,neutral_tone,0.273972602739726
mc050,no_option_letter,1.36986301369863
mc050,occupation_authors,0.0
mc050,occupation_bakers,0.273972602739726
mc050,occupation_bankers,0.273972602739726
mc050,occupation_bus_drivers,0.0
mc050,occupation_cleaners,0.0
mc050,occupation_doctors,0.273972602739726
mc050,occupation_farmers,0.0
mc050,occupation_journalists,0.0
mc050,occupation_nurses,0.0
mc050,occupation_office_workers,0.0
mc050,occupation_prime_ministers,0.0
mc050,occupation_shopkeepers,0.273972602739726
mc050,occupation_teachers,0.0
mc050,occupation_truck_drivers,0.273972602739726
mc050,oneshot_v_as_a_statistician,0.0
mc050,source_wikipedia,10.41095890410959
mc050,v_as_a_governmental_info_campaign,0.273972602739726
mc050,v_as_a_high_school_teacher,0.547945205479452
mc050,v_as_a_museum_poster,5.7534246575342465
mc050,v_as_a_news_reporter,0.0
mc050,v_as_a_news_title,0.0
mc050,v_as_a_political_speach,0.273972602739726
mc050,v_as_a_professor,0.0
mc050,v_as_a_recepie,0.0
mc050,v_as_a_science_exhibition,0.0
mc050,v_as_a_social_media_post,60.82191780821918
mc050,v_as_a_social_sciense_textbook,0.0
mc050,v_as_a_statistician,0.0
mc050,v_as_a_talkshow,0.273972602739726
mc050,v_as_an_activist,1.643835616438356
mc050,v_as_an_awareness_campaign,1.643835616438356
mc050,v_cant_believe_it,0.0
mc050,v_child,0.273972602739726
mc050,v_contrafactual,0.821917808219178
mc050,v_convince_friend,0.273972602739726
mc050,v_deduction_four_steps,0.0
mc050,v_deduction_three_steps,0.0
mc050,v_deduction_two_steps,0.273972602739726
mc050,v_detailed,0.547945205479452
mc050,v_economic_reality,0.0
mc050,v_emotions,0.0
mc050,v_exact_then_abc,0.0
mc050,v_help_me_guess,0.0
mc050,v_intuition,0.0
mc050,v_math,0.821917808219178
mc050,v_media_distortion,1.095890410958904
mc050,v_most_are_wrong_why,0.0
mc050,v_nobody_knows,0.0
mc050,v_opinon,0.273972602739726
mc050,v_pick_most_correct,0.0
mc050,v_political_reality,0.0
mc050,v_reason_statistically,0.821917808219178
mc050,v_reasoning,0.0
mc050,v_sensetive,0.0
mc050,v_short,0.273972602739726
mc050,v_simplest_explanation,0.273972602739726
mc050,v_socioeconomic_reality,0.0
mc050,v_think_most_answer,0.547945205479452
mc050,v_truth,0.547945205479452
mc050,v_who_explain,0.273972602739726
mc050,v_with_academic_terms,0.273972602739726
mc050,v_with_layman_terms,0.547945205479452
mc050,v_without_numbers,1.643835616438356
mc054,class_middle,4.383561643835616
mc054,class_unknown,10.684931506849315
mc054,class_upper,3.5616438356164384
mc054,class_working,3.0136986301369864
mc054,economy_billionaire,2.73972602739726
mc054,economy_homeless,4.10958904109589
mc054,economy_unknown,10.684931506849315
mc054,film_action,5.205479452054795
mc054,film_comedy,4.657534246575342
mc054,film_horror,3.8356164383561646
mc054,film_romantic,5.47945205479452
mc054,gender_man,4.383561643835616
mc054,gender_unknown,10.41095890410959
mc054,gender_woman,3.5616438356164384
mc054,geo_africa,5.205479452054795
mc054,geo_asia,5.47945205479452
mc054,geo_brazil,5.205479452054795
mc054,geo_china,3.0136986301369864
mc054,geo_europe,3.0136986301369864
mc054,geo_india,3.287671232876712
mc054,geo_lat_america,3.287671232876712
mc054,geo_nigeria,3.287671232876712
mc054,geo_russia,2.4657534246575343
mc054,geo_soviet,3.0136986301369864
mc054,geo_unknown,10.136986301369863
mc054,geo_usa,4.383561643835616
mc054,ideology_capitalist,6.027397260273973
mc054,ideology_communist,6.575342465753424
mc054,ideology_environmentalist,8.767123287671232
mc054,ideology_liberterian,7.397260273972603
mc054,ideology_marxist,8.493150684931507
mc054,ideology_neoliberal,5.7534246575342465
mc054,ideology_neutral,6.8493150684931505
mc054,ideology_racist,7.397260273972603
mc054,ideology_socialist,4.657534246575342
mc054,iq_high,2.73972602739726
mc054,iq_low,3.287671232876712
mc054,mental_adhd,3.287671232876712
mc054,mental_depression,6.027397260273973
mc054,music_classical,5.47945205479452
mc054,music_country,6.027397260273973
mc054,music_hiphop,5.47945205479452
mc054,music_pop,4.657534246575342
mc054,music_techno,7.123287671232877
mc054,neutral_tone,6.301369863013699
mc054,no_option_letter,3.8356164383561646
mc054,occupation_authors,6.575342465753424
mc054,occupation_bakers,7.671232876712329
mc054,occupation_bankers,6.8493150684931505
mc054,occupation_bus_drivers,7.9452054794520555
mc054,occupation_cleaners,8.767123287671232
mc054,occupation_doctors,6.8493150684931505
mc054,occupation_farmers,8.21917808219178
mc054,occupation_journalists,6.027397260273973
mc054,occupation_nurses,7.123287671232877
mc054,occupation_office_workers,7.397260273972603
mc054,occupation_prime_ministers,6.301369863013699
mc054,occupation_shopkeepers,9.04109589041096
mc054,occupation_teachers,6.8493150684931505
mc054,occupation_truck_drivers,8.21917808219178
mc054,oneshot_v_as_a_statistician,3.5616438356164384
mc054,source_wikipedia,20.0
mc054,v_as_a_governmental_info_campaign,6.8493150684931505
mc054,v_as_a_high_school_teacher,9.04109589041096
mc054,v_as_a_museum_poster,18.904109589041095
mc054,v_as_a_news_reporter,12.054794520547945
mc054,v_as_a_news_title,7.9452054794520555
mc054,v_as_a_political_speach,11.232876712328768
mc054,v_as_a_professor,3.5616438356164384
mc054,v_as_a_recepie,5.7534246575342465
mc054,v_as_a_science_exhibition,9.04109589041096
mc054,v_as_a_social_media_post,15.890410958904111
mc054,v_as_a_social_sciense_textbook,8.21917808219178
mc054,v_as_a_statistician,1.643835616438356
mc054,v_as_a_talkshow,9.04109589041096
mc054,v_as_an_activist,4.10958904109589
mc054,v_as_an_awareness_campaign,9.863013698630137
mc054,v_cant_believe_it,6.8493150684931505
mc054,v_child,5.7534246575342465
mc054,v_contrafactual,1.643835616438356
mc054,v_convince_friend,7.9452054794520555
mc054,v_deduction_four_steps,0.0
mc054,v_deduction_three_steps,1.095890410958904
mc054,v_deduction_two_steps,0.547945205479452
mc054,v_detailed,5.205479452054795
mc054,v_economic_reality,1.095890410958904
mc054,v_emotions,0.0
mc054,v_exact_then_abc,0.0
mc054,v_help_me_guess,0.821917808219178
mc054,v_intuition,0.0
mc054,v_math,5.7534246575342465
mc054,v_media_distortion,0.547945205479452
mc054,v_most_are_wrong_why,0.547945205479452
mc054,v_nobody_knows,0.0
mc054,v_opinon,2.191780821917808
mc054,v_pick_most_correct,0.273972602739726
mc054,v_political_reality,3.287671232876712
mc054,v_reason_statistically,1.9178082191780823
mc054,v_reasoning,1.36986301369863
mc054,v_sensetive,1.36986301369863
mc054,v_short,1.095890410958904
mc054,v_simplest_explanation,1.9178082191780823
mc054,v_socioeconomic_reality,0.0
mc054,v_think_most_answer,3.5616438356164384
mc054,v_truth,4.10958904109589
mc054,v_who_explain,3.5616438356164384
mc054,v_with_academic_terms,6.301369863013699
mc054,v_with_layman_terms,4.383561643835616
mc054,v_without_numbers,1.36986301369863
